rank,player,years,peak elo,set margin
1,Jannik Sinner,2018–2026,"2,413",+1.66
2,Carlos Alcaraz,2018–2026,"2,402",+1.66
3,Alexander Zverev,2013–2026,"2,248",+0.99
4,Felix Auger-Aliassime,2017–2026,"2,105",+0.53
5,Ben Shelton,2022–2026,"2,040",+0.35
6,Alex de Minaur,2015–2026,"2,117",+0.70
7,Daniil Medvedev,2014–2026,"2,285",+1.12
8,Novak Djokovic,2003–2026,"2,593",+1.90
9,Taylor Fritz,2015–2026,"2,105",+0.57
10,Flavio Cobolli,2020–2026,"1,947",-0.02
11,Alexander Bublik,2016–2026,"2,065",-0.06
12,Jiri Lehecka,2020–2026,"2,024",+0.20
13,Andrey Rublev,2014–2026,"2,186",+0.65
14,Casper Ruud,2015–2026,"2,128",+0.79
15,Lorenzo Musetti,2019–2026,"2,087",+0.34
16,Jakub Mensik,2022–2026,"1,986",+0.60
17,Luciano Darderi,2019–2026,"1,852",+0.08
18,Karen Khachanov,2013–2026,"2,096",+0.38
19,Learner Tien,2023–2026,"1,949",-0.03
20,Valentin Vacherot,2015–2026,"1,905",+0.31
21,Arthur Fils,2021–2026,"2,089",+0.51
22,Alejandro Davidovich Fokina,2017–2026,"1,974",+0.14
23,Rafael Jodar,2024–2026,"1,933",+1.15
24,Arthur Rinderknech,2018–2026,"1,905",-0.16
25,Joao Fonseca,2022–2026,"1,949",+0.30
26,Frances Tiafoe,2015–2026,"2,015",+0.14
27,Francisco Cerundolo,2018–2026,"1,966",+0.41
28,Tommy Paul,2015–2026,"2,044",+0.59
29,Cameron Norrie,2017–2026,"2,071",+0.37
30,Tomas Martin Etcheverry,2017–2026,"1,887",-0.05
31,Alejandro Tabilo,2015–2026,"1,880",+0.22
32,Brandon Nakashima,2019–2026,"1,921",+0.29
33,Ugo Humbert,2016–2026,"2,024",+0.35
34,Matteo Arnaldi,2019–2026,"1,906",-0.11
35,Ignacio Buse,2022–2026,"1,769",+0.06
36,Corentin Moutet,2016–2026,"1,888",-0.49
37,Alexander Blockx,2019–2026,"1,780",-0.05
38,Alex Michelsen,2023–2026,"1,878",+0.14
39,Mariano Navone,2019–2026,"1,816",+0.07
40,Tallon Griekspoor,2015–2026,"1,977",-0.08
41,Denis Shapovalov,2017–2026,"2,011",+0.28
42,Tomas Machac,2018–2026,"1,989",+0.22
43,Jaume Munar,2014–2026,"1,887",-0.09
44,Adrian Mannarino,2004–2026,"1,966",-0.26
45,Juan Manuel Cerundolo,2018–2026,"1,758",-0.65
46,Marin Cilic,2005–2026,"2,195",+0.65
47,Kamil Majchrzak,2013–2026,"1,811",-0.07
48,Zizou Bergs,2018–2026,"1,819",-0.23
49,Matteo Berrettini,2015–2026,"2,144",+0.58
50,Miomir Kecmanovic,2017–2026,"1,943",0.00
51,Raphael Collignon,2021–2026,"1,742",-0.19
52,Thiago Agustin Tirante,2017–2026,"1,790",+0.17
53,Terence Atmane,2019–2026,"1,738",-0.26
54,Nuno Borges,2019–2026,"1,843",-0.35
55,Martin Landaluce,2019–2026,"1,729",-0.58
56,Botic van de Zandschulp,2016–2026,"1,932",-0.12
57,Sebastian Baez,2018–2026,"1,896",-0.03
58,Camilo Ugo Carabelli,2016–2026,"1,720",-0.86
59,Yannick Hanfmann,2015–2026,"1,865",-0.25
60,Sebastian Korda,2018–2026,"2,059",+0.59
61,Fabian Marozsan,2018–2026,"1,867",+0.01
62,Roman Andres Burruchaga,2019–2026,"1,646",-0.02
63,Holger Rune,2020–2026,"2,119",+0.58
64,Vit Kopriva,2015–2026,"1,762",-0.39
65,Lorenzo Sonego,2014–2026,"1,928",-0.03
66,Ethan Quinn,2023–2026,"1,769",-0.69
67,Hamad Medjedovic,2021–2026,"1,823",-0.05
68,Aleksandar Kovacevic,2021–2026,"1,719",-0.47
69,Zachary Svajda,2019–2026,"1,737",-0.80
70,Pablo Carreno Busta,2009–2026,"2,047",+0.32
71,Adolfo Daniel Vallejo,2023–2026,"1,647",+0.37
72,Jesper de Jong,2018–2026,"1,766",-0.37
73,Jenson Brooksby,2021–2026,"1,964",0.00
74,Mattia Bellucci,2018–2026,"1,810",-0.55
75,Valentin Royer,2018–2026,"1,741",-0.30
76,Marton Fucsovics,2010–2026,"1,992",+0.10
77,Jan-Lennard Struff,2009–2026,"2,001",-0.11
78,James Duckworth,2010–2026,"1,799",-0.49
79,Arthur Cazaux,2020–2026,"1,777",-0.22
80,Stefanos Tsitsipas,2016–2026,"2,235",+0.83
81,Daniel Altmaier,2014–2026,"1,750",-0.70
82,Dino Prizmic,2019–2026,"1,796",+0.25
83,Daniel Merida,2019–2026,"1,720",-0.15
84,Gabriel Diallo,2023–2026,"1,874",-0.24
85,Emilio Nava,2018–2026,"1,715",-1.09
86,Marcos Giron,2014–2026,"1,916",-0.20
87,Giovanni Mpetshi Perricard,2021–2026,"1,853",-0.23
88,Francisco Comesana,2017–2026,"1,746",-0.54
89,Benjamin Bonzi,2015–2026,"1,808",-0.11
90,Alexei Popyrin,2017–2026,"1,936",-0.34
91,Adam Walton,2022–2026,"1,701",-0.62
92,Marco Trungelliti,2008–2026,"1,712",-0.75
93,Jaime Faria,2019–2026,"1,758",-0.39
94,Quentin Halys,2012–2026,"1,815",-0.30
95,Eliot Spizzirri,2019–2026,"1,749",+0.09
96,Alexander Shevchenko,2018–2026,"1,777",-0.68
97,Sho Shimabukuro,2016–2026,"1,698",-0.72
98,Aleksandar Vukic,2018–2026,"1,800",-0.50
99,Yibing Wu,2017–2026,"1,814",-0.35
100,Luca Van Assche,2021–2026,"1,680",-0.79
101,Alex Molcan,2015–2026,"1,857",+0.03
102,Reilly Opelka,2015–2026,"1,973",+0.04
103,Hubert Hurkacz,2015–2026,"2,053",+0.48
104,Rinky Hijikata,2021–2026,"1,764",-0.80
105,Damir Dzumhur,2011–2026,"1,951",-0.47
106,Jan Choinski,2012–2026,"1,552",-1.31
107,Yunchaokete Bu,2019–2026,"1,612",-0.57
108,Martin Damm,2019–2026,"1,712",+0.09
109,Coleman Wong,2019–2026,"1,717",-0.83
110,Dalibor Svrcina,2018–2026,"1,681",-0.56
111,Stan Wawrinka,2002–2026,"2,268",+0.51
112,Titouan Droguet,2018–2026,"1,720",+0.20
113,Jack Draper,2018–2026,"2,141",+1.11
114,Patrick Kypson,2019–2026,"1,554",-0.81
115,Roberto Bautista Agut,2005–2026,"2,106",+0.54
116,Leandro Riedi,2019–2026,"1,727",-1.18
117,Hugo Gaston,2018–2026,"1,764",-0.95
118,Nikoloz Basilashvili,2008–2026,"1,953",-0.45
119,Cristian Garin,2012–2026,"1,948",0.00
120,Pablo Llamas Ruiz,2019–2026,"1,686",-0.38
121,Nicolai Budkov Kjaer,2019–2026,"1,636",-1.40
122,Henrique Rocha,2019–2026,"1,638",-1.21
123,Sebastian Ofner,2015–2026,"1,822",-0.54
124,Francesco Maestrelli,2020–2026,"1,557",-1.90
125,Alexandre Muller,2014–2026,"1,816",-0.64
126,Dane Sweeny,2018–2026,"1,661",-1.26
127,Facundo Diaz Acosta,2018–2026,"1,688",-0.10
128,Mackenzie McDonald,2016–2026,"1,868",-0.24
129,Vilius Gaubas,2019–2026,"1,649",-0.24
130,Jacob Fearnley,2019–2026,"1,781",-0.60
131,Roman Safiullin,2015–2026,"1,930",-0.04
132,Stefano Travaglia,2008–2026,"1,806",-0.57
133,Andrea Pellegrino,2016–2026,"1,707",-0.27
134,Nishesh Basavareddy,2019–2026,"1,723",-1.10
135,Arthur Gea,2019–2026,"1,638",-0.57
136,Pedro Martinez,2016–2026,"1,845",-0.65
137,Tomas Barrios Vera,2019–2026,"1,652",-1.64
138,Shintaro Mochizuki,2019–2026,"1,693",-1.53
139,Dusan Lajovic,2007–2026,"1,900",-0.33
140,Arthur Fery,2019–2026,"1,634",-1.25
141,Carlos Taberner,2015–2026,"1,656",-0.45
142,Billy Harris,2015–2026,"1,672",-0.51
143,August Holmgren,2022–2026,"1,644",-1.12
144,Toby Samuel,2019–2026,"1,562",-2.67
145,Kyrian Jacquet,2018–2026,"1,586",-1.98
146,Michael Zheng,2019–2026,"1,606",-1.90
147,Jack Pinnington Jones,2019–2026,"1,581",-0.81
148,Rei Sakamoto,2019–2026,"1,582",-1.56
149,Tristan Schoolkate,2019–2026,"1,638",-0.84
150,Moez Echargui,2007–2026,"1,512",-1.17
151,Elmer Moller,2019–2026,"1,604",-1.74
152,Jurij Rodionov,2017–2026,"1,645",-0.88
153,Stefanos Sakellaridis,2019–2026,"1,540",-0.33
154,Christopher O'Connell,2011–2026,"1,820",-0.49
155,Alex Bolt,2011–2026,"1,728",-0.89
156,Zdenek Kolar,2014–2026,"1,565",-1.60
157,Juan Carlos Prado Angelo,2019–2026,"1,536",-1.20
158,Jordan Thompson,2013–2026,"1,944",-0.22
159,Liam Draxl,2018–2026,"1,519",-1.67
160,Otto Virtanen,2018–2026,"1,686",-0.75
161,Lloyd Harris,2015–2026,"1,938",-0.29
162,Filip Misolic,2019–2026,"1,791",-0.64
163,Hugo Dellien,2010–2026,"1,757",-1.15
164,Nicolas Mejia,2019–2026,"1,532",-3.33
165,Lukas Neumayer,2021–2026,"1,535",-1.42
166,Mark Lajal,2019–2026,"1,642",+0.03
167,Marco Cecchinato,2010–2026,"1,903",-0.74
168,Luka Mikrut,2019–2026,"1,505",-3.00
169,Grigor Dimitrov,2008–2026,"2,176",+0.54
170,Daniil Glinka,2018–2026,"1,516",—
171,Ugo Blanchet,2018–2026,"1,663",-0.81
172,Roberto Carballes Baena,2011–2026,"1,798",-0.41
173,Luca Nardi,2018–2026,"1,669",-1.02
174,Joel Schwaerzler,2019–2026,"1,502",-2.50
175,Zsombor Piros,2016–2026,"1,552",-2.13
176,Timofey Skatov,2019–2026,"1,655",-1.56
177,Colton Smith,2019–2026,"1,620",-1.20
178,Francesco Passaro,2019–2026,"1,670",-0.61
179,Chris Rodesch,2019–2026,"1,555",-1.67
180,Lukas Klein,2016–2026,"1,738",-0.15
181,Federico Cina,2022–2026,"1,591",-1.40
182,Elias Ymer,2014–2026,"1,696",-1.04
183,Gonzalo Bueno,2019–2026,"1,545",—
184,Borna Gojo,2020–2026,"1,766",-0.39
185,Yoshihito Nishioka,2014–2026,"1,931",-0.46
186,Gauthier Onclin,2019–2026,"1,572",-0.58
187,Gustavo Heide,2018–2026,"1,599",-0.72
188,Alexis Galarneau,2016–2026,"1,557",-1.08
189,Zhizhen Zhang,2012–2026,"1,842",-0.31
190,David Jorda Sanchis,2007–2026,"1,487",—
191,Tristan Boyer,2018–2026,"1,572",-0.74
192,Bernard Tomic,2008–2026,"1,968",-0.14
193,Giulio Zeppieri,2019–2026,"1,709",-0.85
194,Gianluca Cadenasso,2019–2026,"1,512",-2.33
195,Michael Mmoh,2016–2026,"1,775",-0.44
196,Clement Tabur,2017–2026,"1,511",-2.11
197,Remy Bertola,2016–2026,"1,561",-3.00
198,Juan Pablo Ficovich,2015–2026,"1,574",-0.15
199,Vitaliy Sachko,2014–2026,"1,542",-2.29
200,Clement Chidekh,2022–2026,"1,540",-1.00
