4,S,1,Match,Round,5,Year,2,Tournament,Surface,3
,3,7.0,Djokovic N.,SF,,2020,6.0,Australian Open,,6.0
,0,61.0,Federer R.,SF,,2020,4.0,Australian Open,,3.0
,2,6.0,Federer R.,,,2019,6.0,Masters Cup ATP,,
,0,4.0,Djokovic N.,,,2019,3.0,Masters Cup ATP,,
4.0,3,7.0,Djokovic N.,F,13.0,2019,1.0,Wimbledon,,7.0
6.0,2,65.0,Federer R.,F,12.0,2019,6.0,Wimbledon,,64.0
,2,7.0,Djokovic N.,SF,,2018,5.0,Paris,,7.0
,1,66.0,Federer R.,SF,,2018,7.0,Paris,,63.0
,2,6.0,Djokovic N.,F,,2018,6.0,Cincinnati,,
,0,4.0,Federer R.,F,,2018,4.0,Cincinnati,,
6.0,3,6.0,Djokovic N.,SF,,2016,6.0,Australian Open,,3.0
3.0,1,1.0,Federer R.,SF,,2016,2.0,Australian Open,,6.0
,2,6.0,Djokovic N.,F,,2015,6.0,Masters Cup ATP,,
,0,3.0,Federer R.,F,,2015,4.0,Masters Cup ATP,,
,2,7.0,Federer R.,,,2015,6.0,Masters Cup ATP,,
,0,5.0,Djokovic N.,,,2015,2.0,Masters Cup ATP,,
6.0,3,6.0,Djokovic N.,F,,2015,5.0,US Open,,6.0
4.0,1,4.0,Federer R.,F,,2015,7.0,US Open,,4.0
,2,7.0,Federer R.,F,,2015,6.0,Cincinnati,,
,0,61.0,Djokovic N.,F,,2015,3.0,Cincinnati,,
6.0,3,7.0,Djokovic N.,F,,2015,610.0,Wimbledon,,6.0
3.0,1,61.0,Federer R.,F,,2015,7.0,Wimbledon,,4.0
,2,6.0,Djokovic N.,F,,2015,6.0,Rome,,
,0,4.0,Federer R.,F,,2015,3.0,Rome,,
,2,6.0,Djokovic N.,F,,2015,65.0,Indian Wells,,6.0
,1,3.0,Federer R.,F,,2015,7.0,Indian Wells,,2.0
,2,6.0,Federer R.,F,,2015,7.0,Dubai,,
,0,3.0,Djokovic N.,F,,2015,5.0,Dubai,,
,1,6.0,Federer R.,,,2014,,Int. Premier Tennis League,,
,0,5.0,Djokovic N.,,,2014,,Int. Premier Tennis League,,
,1,,Djokovic N.,F,,2014,,Masters Cup ATP,,
,0,,Federer R.,F,,2014,,Masters Cup ATP,,
,2,6.0,Federer R.,SF,,2014,6.0,Shanghai,,
,0,4.0,Djokovic N.,SF,,2014,4.0,Shanghai,,
5.0,3,67.0,Djokovic N.,F,6.0,2014,6.0,Wimbledon,,7.0
7.0,2,7.0,Federer R.,F,4.0,2014,4.0,Wimbledon,,64.0
,2,7.0,Federer R.,SF,,2014,6.0,Monte Carlo,,
,0,5.0,Djokovic N.,SF,,2014,2.0,Monte Carlo,,
,2,3.0,Djokovic N.,F,,2014,6.0,Indian Wells,,7.0
,1,6.0,Federer R.,F,,2014,3.0,Indian Wells,,63.0
,2,3.0,Federer R.,SF,,2014,6.0,Dubai,,6.0
,1,6.0,Djokovic N.,SF,,2014,3.0,Dubai,,2.0
,2,6.0,Djokovic N.,,,2013,62.0,Masters Cup ATP,,6.0
,1,4.0,Federer R.,,,2013,7.0,Masters Cup ATP,,2.0
,2,4.0,Djokovic N.,SF,,2013,6.0,Paris,,6.0
,1,6.0,Federer R.,SF,,2013,3.0,Paris,,2.0
,2,7.0,Djokovic N.,F,,2012,7.0,Masters Cup ATP,,
,0,66.0,Federer R.,F,,2012,5.0,Masters Cup ATP,,
,2,6.0,Federer R.,F,,2012,7.0,Cincinnati,,
,0,0.0,Djokovic N.,F,,2012,67.0,Cincinnati,,
6.0,3,6.0,Federer R.,SF,,2012,3.0,Wimbledon,,6.0
3.0,1,3.0,Djokovic N.,SF,,2012,6.0,Wimbledon,,4.0
,3,6.0,Djokovic N.,SF,,2012,7.0,French Open,,6.0
,0,4.0,Federer R.,SF,,2012,5.0,French Open,,3.0
,2,6.0,Djokovic N.,SF,,2012,7.0,Rome,,
,0,2.0,Federer R.,SF,,2012,64.0,Rome,,
,2,6.0,Djokovic N.,SF,,2012,6.0,Abu Dhabi - exh.,,
,0,2.0,Federer R.,SF,,2012,1.0,Abu Dhabi - exh.,,
6.0,3,67.0,Djokovic N.,SF,7.0,2011,4.0,US Open,,6.0
2.0,2,7.0,Federer R.,SF,5.0,2011,6.0,US Open,,3.0
7.0,3,7.0,Federer R.,SF,,2011,6.0,French Open,,3.0
65.0,1,65.0,Djokovic N.,SF,,2011,3.0,French Open,,6.0
,2,6.0,Djokovic N.,SF,,2011,3.0,Indian Wells,,6.0
,1,3.0,Federer R.,SF,,2011,6.0,Indian Wells,,2.0
,2,6.0,Djokovic N.,F,,2011,6.0,Dubai,,
,0,3.0,Federer R.,F,,2011,3.0,Dubai,,
,3,7.0,Djokovic N.,SF,,2011,7.0,Australian Open,,6.0
,0,63.0,Federer R.,SF,,2011,5.0,Australian Open,,4.0
,2,6.0,Federer R.,SF,,2010,6.0,Masters Cup ATP,,
,0,1.0,Djokovic N.,SF,,2010,4.0,Masters Cup ATP,,
,2,6.0,Federer R.,F,,2010,3.0,Basel,,6.0
,1,4.0,Djokovic N.,F,,2010,6.0,Basel,,1.0
,2,7.0,Federer R.,SF,,2010,6.0,Shanghai,,
,0,5.0,Djokovic N.,SF,,2010,4.0,Shanghai,,
6.0,3,5.0,Djokovic N.,SF,7.0,2010,6.0,US Open,,5.0
2.0,2,7.0,Federer R.,SF,5.0,2010,1.0,US Open,,7.0
,2,6.0,Federer R.,SF,,2010,3.0,Toronto,,7.0
,1,1.0,Djokovic N.,SF,,2010,6.0,Toronto,,5.0
,2,6.0,Djokovic N.,F,,2009,4.0,Basel,,6.0
,1,4.0,Federer R.,F,,2009,6.0,Basel,,2.0
,3,7.0,Federer R.,SF,,2009,7.0,US Open,,7.0
,0,63.0,Djokovic N.,SF,,2009,5.0,US Open,,5.0
,2,6.0,Federer R.,F,,2009,7.0,Cincinnati,,
,0,1.0,Djokovic N.,F,,2009,5.0,Cincinnati,,
,2,4.0,Djokovic N.,SF,,2009,6.0,Rome,,6.0
,1,6.0,Federer R.,SF,,2009,3.0,Rome,,3.0
,2,3.0,Djokovic N.,SF,,2009,6.0,Miami,,6.0
,1,6.0,Federer R.,SF,,2009,2.0,Miami,,3.0
6.0,3,6.0,Federer R.,SF,,2008,5.0,US Open,,7.0
2.0,1,3.0,Djokovic N.,SF,,2008,7.0,US Open,,5.0
,1,6.0,Federer R.,SF,,2008,3.0,Monte Carlo,,
,0,3.0,Djokovic N.,SF,,2008,2.0,Monte Carlo,,
,3,7.0,Djokovic N.,SF,,2008,6.0,Australian Open,,7.0
,0,5.0,Federer R.,SF,,2008,3.0,Australian Open,,6.0
,3,7.0,Federer R.,F,,2007,7.0,US Open,,6.0
,0,6.0,Djokovic N.,F,,2007,6.0,US Open,,4.0
,2,7.0,Djokovic N.,F,,2007,2.0,Montreal,,7.0
,1,6.0,Federer R.,F,,2007,6.0,Montreal,,6.0
,2,6.0,Federer R.,QF,,2007,6.0,Dubai,,6.0
,1,3.0,Djokovic N.,QF,,2007,7.0,Dubai,,3.0
,3,6.0,Federer R.,R16,,2007,7.0,Australian Open,,6.0
,0,2.0,Djokovic N.,R16,,2007,5.0,Australian Open,,3.0
,3,6.0,Federer R.,,,2006,6.0,Davis Cup,,6.0
,0,3.0,Djokovic N.,,,2006,2.0,Davis Cup,,3.0
,2,6.0,Federer R.,1R,,2006,2.0,Monte Carlo,,6.0
,1,3.0,Djokovic N.,1R,,2006,6.0,Monte Carlo,,3.0
