cElo Rank,gElo,col11,gElo Rank,Elo,Age,hElo Rank,Peak Elo,Log diff,Peak Month,ATP Rank,hElo,Player,col14,col4,Elo Rank,cElo
1,2088.3,,1,2319.8,24.7,1,2339.8,0,2026-05,1,2263.2,Jannik Sinner,,,1,2215.7
2,2034.2,,2,2166.8,22.9,2,2308.5,0,2026-03,2,2093.3,Carlos Alcaraz,,,2,2106.6
3,1907.1,,4,2104.3,29.0,3,2176.5,0,2022-01,3,2043.8,Alexander Zverev,,,3,2053.4
5,1924.9,,3,2059.3,39.0,4,2463.2,-0.69,2016-05,8,2021.7,Novak Djokovic,,,4,1959.2
6,1796.4,,13,2020.6,21.8,6,2051.0,-1.44,2026-04,21,1949.7,Arthur Fils,,,5,1955.1
8,1699.3,,37,1998.6,19.6,17,2014.0,-1.34,2026-05,23,1872.7,Rafael Jodar,,,6,1948.9
9,1871.0,,5,1983.6,30.3,5,2201.2,0,2022-01,7,1965.4,Daniil Medvedev,,,7,1892.1
4,1714.8,,29,1983.1,27.4,14,2071.9,-0.56,2022-05,14,1888.7,Casper Ruud,,,8,1973.0
7,1850.4,,7,1968.8,24.1,13,2050.5,-0.51,2025-05,15,1903.5,Lorenzo Musetti,,,9,1952.6
13,1836.7,,8,1966.3,27.3,7,2053.1,0.51,2024-06,6,1938.2,Alex De Minaur,,,10,1872.0
19,1867.3,,6,1965.1,23.6,10,2024.4,0.79,2025-08,5,1924.0,Ben Shelton,,,11,1847.4
12,1739.1,,23,1955.7,20.7,12,1969.6,-0.29,2026-02,16,1905.0,Jakub Mensik,,,12,1873.3
17,1783.0,,14,1955.5,25.8,8,2062.7,1.18,2022-10,4,1931.0,Felix Auger Aliassime,,,13,1862.7
25,1719.6,,27,1954.7,20.4,11,1977.4,-0.31,2026-03,19,1911.0,Learner Tien,,,14,1828.2
15,1717.3,,28,1952.2,19.7,9,1992.5,-0.51,2025-03,25,1926.1,Joao Fonseca,,,15,1868.6
10,1764.8,,18,1934.7,29.0,16,2028.8,-0.56,2025-05,28,1874.3,Tommy Paul,,,16,1878.6
23,1805.1,,12,1931.8,24.5,15,1989.9,0.35,2025-10,12,1887.2,Jiri Lehecka,,,17,1830.7
11,1806.4,,11,1913.8,28.5,19,2122.1,0.33,2021-04,13,1854.3,Andrey Rublev,,,18,1878.2
14,1766.6,,17,1908.7,24.0,28,1914.6,0.64,2026-05,10,1815.8,Flavio Cobolli,,,19,1868.6
16,1697.8,,38,1905.5,21.1,33,1907.2,-0.62,2026-05,37,1793.1,Alexander Blockx,,,20,1867.9
24,1823.4,,10,1903.5,28.9,21,1988.6,0.65,2026-01,11,1843.8,Alexander Bublik,,,21,1829.6
37,1605.3,,95,1902.6,27.5,20,1929.6,0.10,2026-04,20,1852.2,Valentin Vacherot,,,22,1788.8
27,1645.4,,64,1895.8,24.3,23,1924.1,-0.80,2026-05,51,1837.9,Raphael Collignon,,,23,1814.3
18,1669.3,,50,1894.1,27.7,18,1961.6,-0.12,2025-04,27,1861.6,Francisco Cerundolo,,,24,1849.9
30,1744.7,,20,1877.4,28.3,22,1974.0,-0.04,2023-06,26,1841.1,Frances Tiafoe,,,25,1807.1
43,1823.8,,9,1871.3,28.6,27,2070.2,1.06,2025-09,9,1819.6,Taylor Fritz,,,26,1742.1
38,1705.9,,34,1865.9,25.6,24,1972.7,-0.44,2025-04,42,1829.3,Tomas Machac,,,27,1782.8
28,1627.9,,74,1863.5,20.8,50,1886.5,-1.07,2026-05,82,1744.5,Dino Prizmic,,,28,1814.2
32,1687.8,,41,1852.9,27.0,26,1934.8,0.28,2025-07,22,1822.2,Alejandro Davidovich Fokina,,,29,1792.9
31,1721.8,,26,1846.8,28.9,44,1895.7,-0.03,2024-07,31,1763.7,Alejandro Tabilo,,,30,1795.1
26,1654.3,,55,1843.2,22.8,49,1859.9,-0.77,2026-05,67,1745.5,Hamad Medjedovic,,,31,1817.6
20,1695.4,,39,1842.7,27.7,30,2145.1,-0.92,2021-05,80,1807.3,Stefanos Tsitsipas,,,32,1845.6
22,1621.6,,85,1840.6,25.2,54,1902.9,-0.03,2024-06,34,1737.7,Matteo Arnaldi,,,33,1835.7
29,1584.9,,112,1840.2,25.2,74,1875.9,-0.14,2024-04,39,1701.9,Mariano Navone,,,34,1809.1
33,1747.7,,19,1839.2,30.0,34,2029.5,0.66,2018-10,18,1788.4,Karen Khachanov,,,35,1792.8
21,1620.7,,86,1839.2,24.2,82,1858.1,0.75,2026-05,17,1680.6,Luciano Darderi,,,36,1837.9
34,1739.7,,22,1838.1,30.7,32,2028.6,0.24,2022-08,29,1793.7,Cameron Norrie,,,37,1792.3
39,1596.0,,103,1833.2,26.8,37,1871.7,0.24,2023-05,30,1776.3,Tomas Martin Etcheverry,,,38,1777.8
60,1700.9,,36,1832.0,27.9,25,2017.7,0.17,2024-03,33,1825.4,Ugo Humbert,,,39,1714.2
36,1739.0,,24,1831.4,30.1,31,2065.7,-0.20,2022-07,49,1797.4,Matteo Berrettini,,,40,1790.1
35,1589.1,,108,1831.2,22.1,95,1844.9,0.16,2026-05,35,1666.3,Ignacio Buse,,,41,1790.8
70,1710.1,,31,1825.0,21.7,29,1904.8,0.10,2025-01,38,1810.1,Alex Michelsen,,,42,1694.4
53,1728.1,,25,1811.6,24.8,40,1909.5,0.30,2024-09,32,1774.1,Brandon Nakashima,,,43,1721.2
85,1679.0,,43,1808.6,25.6,42,2020.7,-0.31,2023-01,60,1765.0,Sebastian Korda,,,44,1669.9
52,1775.4,,15,1808.4,30.4,52,1813.1,-0.04,2025-10,47,1743.1,Kamil Majchrzak,,,45,1727.3
74,1653.9,,56,1807.8,24.3,39,2103.8,-0.90,2025-04,113,1775.2,Jack Draper,,,46,1689.4
65,1772.7,,16,1807.6,37.6,41,2100.4,0.02,2010-02,46,1765.0,Marin Cilic,,,47,1704.8
49,1743.5,,21,1804.1,29.9,35,1951.8,0.18,2025-06,40,1783.9,Tallon Griekspoor,,,48,1733.1
76,1651.8,,58,1803.3,39.7,36,2087.1,-1.67,2016-10,259,1783.5,Gael Monfils,,,49,1684.9
40,1598.0,,101,1800.5,34.8,51,2005.1,-0.34,2021-08,70,1744.0,Pablo Carreno Busta,,,50,1766.6
41,1703.7,,35,1797.8,29.3,61,2022.5,-0.70,2024-06,103,1726.3,Hubert Hurkacz,,,51,1762.0
146,1630.0,,72,1796.1,24.4,43,1835.5,-0.60,2026-02,95,1765.0,Eliot Spizzirri,,,52,1584.1
66,1658.7,,53,1792.9,23.5,55,1811.9,-0.40,2025-10,79,1737.6,Arthur Cazaux,,,53,1702.8
56,1665.4,,52,1789.2,30.8,46,1871.8,0.81,2025-10,24,1752.2,Arthur Rinderknech,,,54,1717.2
42,1506.7,,183,1778.7,24.5,107,1788.7,0.20,2026-05,45,1651.6,Juan Manuel Cerundolo,,,55,1755.7
75,1555.0,,132,1777.7,26.6,45,1882.9,-0.57,2023-03,99,1758.2,Yibing Wu,,,56,1687.6
45,1650.4,,60,1777.4,26.7,68,1900.6,0.13,2022-04,50,1713.4,Miomir Kecmanovic,,,57,1737.3
61,1612.8,,91,1776.8,29.0,47,1830.4,0.30,2025-10,43,1748.5,Jaume Munar,,,58,1711.1
134,1708.7,,33,1772.4,31.7,58,1891.2,-0.99,2024-12,158,1732.6,Jordan Thompson,,,59,1604.6
78,1626.6,,79,1771.9,27.1,38,1983.2,0.38,2020-01,41,1775.4,Denis Shapovalov,,,60,1676.7
47,1632.3,,69,1768.3,34.5,66,1843.4,0.03,2023-06,59,1714.4,Yannick Hanfmann,,,61,1735.0
86,1630.5,,71,1764.9,22.2,48,1842.9,-0.06,2026-03,66,1747.6,Ethan Quinn,,,62,1668.6
73,1709.9,,32,1763.2,34.3,63,1924.2,-0.19,2021-03,76,1722.8,Marton Fucsovics,,,63,1689.7
63,1581.6,,114,1763.1,21.6,80,1798.1,-0.26,2026-05,83,1685.3,Daniel Merida Aguilar,,,64,1708.9
46,1624.7,,83,1761.1,26.8,79,1902.2,-0.33,2024-10,90,1690.4,Alexei Popyrin,,,65,1736.6
50,1625.0,,82,1760.7,28.4,101,1872.5,-0.43,2022-07,101,1661.7,Alex Molcan,,,66,1731.6
68,1677.1,,45,1760.6,27.1,56,1881.9,0.62,2025-10,36,1734.8,Corentin Moutet,,,67,1700.0
55,1546.2,,137,1759.5,25.4,70,1941.4,0.18,2022-07,57,1708.9,Sebastian Baez,,,68,1718.4
44,1496.2,,195,1759.2,26.9,116,1771.9,0.17,2025-05,58,1641.5,Camilo Ugo Carabelli,,,69,1740.6
108,1603.3,,97,1758.6,28.4,64,1830.7,-1.09,2023-01,208,1722.7,Soon Woo Kwon,,,70,1632.4
51,1628.4,,73,1756.9,22.4,62,2082.0,0.12,2023-05,63,1724.5,Holger Rune,,,71,1728.7
83,1627.5,,76,1756.2,27.0,59,1859.2,0.41,2025-03,48,1731.0,Zizou Bergs,,,72,1670.5
90,1652.3,,57,1756.1,34.9,53,2111.5,-0.84,2014-08,169,1742.0,Grigor Dimitrov,,,73,1660.6
58,1627.3,,77,1754.6,22.0,196,1780.4,0.04,2026-05,71,1527.0,Adolfo Daniel Vallejo,,,74,1715.5
57,1616.1,,89,1751.3,29.2,72,1843.6,0.33,2025-03,54,1705.3,Nuno Borges,,,75,1717.0
118,1678.9,,44,1750.2,29.9,67,1835.8,-0.16,2022-06,89,1713.5,Benjamin Bonzi,,,76,1622.2
97,1634.6,,68,1748.9,28.7,57,1927.5,-0.28,2022-04,102,1733.8,Reilly Opelka,,,77,1644.0
122,1691.5,,40,1748.9,32.8,65,1874.1,-0.10,2025-03,86,1719.6,Marcos Giron,,,78,1619.2
54,1562.8,,125,1748.6,25.1,117,1759.1,0.42,2026-05,52,1639.9,Thiago Agustin Tirante,,,79,1718.8
88,1675.3,,46,1746.8,20.4,77,1764.1,0.37,2026-05,55,1694.9,Martin Landaluce,,,80,1664.5
69,1560.5,,126,1745.8,26.6,60,1867.2,0.28,2024-04,61,1727.4,Fabian Marozsan,,,81,1696.4
104,1650.8,,59,1745.8,21.0,75,1895.7,-1.17,2024-09,263,1698.4,Juncheng Shang,,,82,1640.2
136,1713.6,,30,1742.9,23.4,73,1794.0,0.18,2026-02,69,1702.4,Zachary Svajda,,,83,1601.5
72,1586.6,,111,1742.0,30.6,69,1938.0,0.41,2022-09,56,1710.1,Botic Van De Zandschulp,,,84,1689.9
82,1665.5,,51,1735.1,22.9,90,1862.8,-0.02,2024-12,87,1670.5,Giovanni Mpetshi Perricard,,,85,1671.4
48,1587.4,,109,1734.9,28.8,76,1911.3,-0.42,2024-01,131,1696.1,Roman Safiullin,,,86,1734.9
62,1558.0,,129,1733.6,23.6,129,1763.0,-0.32,2026-05,120,1618.8,Pablo Llamas Ruiz,,,87,1709.6
71,1597.8,,102,1728.5,28.9,97,1760.5,0.32,2025-05,64,1664.6,Vit Kopriva,,,88,1693.9
105,1654.8,,54,1727.6,31.0,71,1895.3,0.31,2021-05,65,1705.7,Lorenzo Sonego,,,89,1638.8
67,1577.8,,117,1724.2,24.3,178,1764.5,0.37,2026-04,62,1551.2,Roman Andres Burruchaga,,,90,1700.5
115,1644.4,,65,1721.6,24.3,108,1834.9,-0.16,2024-09,107,1650.4,Bu Yunchaokete,,,91,1627.5
107,1544.1,,138,1721.5,21.0,83,1856.6,-0.38,2025-01,134,1680.5,Nishesh Basavareddy,,,92,1634.2
59,1541.1,,145,1720.2,26.0,135,1741.0,0.26,2025-10,72,1611.7,Jesper De Jong,,,93,1715.2
87,1627.6,,75,1715.2,29.6,81,1811.4,0,2023-04,94,1681.1,Quentin Halys,,,94,1668.4
130,1591.1,,106,1714.0,36.3,84,2194.2,-2.02,2016-08,713,1680.3,Kei Nishikori,,,95,1609.5
173,1525.1,,161,1711.2,27.1,89,1747.1,0.05,2025-04,91,1672.9,Adam Walton,,,96,1547.1
77,1598.1,,100,1709.8,24.9,110,1732.4,-0.14,2026-04,112,1646.4,Titouan Droguet,,,97,1677.0
80,1616.5,,88,1709.1,22.8,144,1718.2,0.05,2026-05,93,1602.1,Jaime Faria,,,98,1674.2
109,1528.5,,159,1707.3,24.4,85,1763.0,0.62,2026-05,53,1675.4,Terence Atmane,,,99,1629.8
103,1674.2,,47,1702.2,38.1,91,2033.8,-0.14,2016-02,115,1669.2,Roberto Bautista Agut,,,100,1640.6
167,1647.4,,63,1701.0,22.6,105,1767.9,-0.07,1999-11,108,1654.4,Martin Damm,,,101,1550.7
79,1536.2,,151,1700.9,27.7,121,1789.1,0.23,2021-08,81,1635.0,Daniel Altmaier,,,102,1676.4
84,1573.9,,119,1700.2,24.5,128,1738.2,0.19,2025-09,85,1619.2,Emilio Nava,,,103,1670.1
140,1632.2,,70,1698.9,25.0,94,1814.3,0.34,2024-10,74,1667.2,Mattia Bellucci,,,104,1599.2
170,1567.3,,124,1697.7,23.8,88,1751.3,-0.29,2026-03,140,1673.0,Arthur Fery,,,105,1548.7
120,1640.1,,66,1697.3,24.7,92,1889.2,0.23,2025-06,84,1669.0,Gabriel Diallo,,,106,1619.7
91,1626.8,,78,1696.3,30.0,111,1812.7,-0.14,2024-01,123,1646.3,Sebastian Ofner,,,107,1659.0
64,1570.2,,122,1695.1,31.0,133,1854.6,-0.73,2023-09,225,1612.1,Laslo Djere,,,108,1707.0
94,1560.3,,127,1694.8,25.6,115,1761.9,0.21,2025-08,88,1641.8,Francisco Comesana,,,109,1656.0
186,1671.7,,49,1694.4,24.9,93,1768.8,-0.37,2024-03,160,1668.5,Otto Virtanen,,,110,1536.9
145,1625.8,,81,1693.1,24.3,87,1823.3,-0.04,2023-01,116,1675.3,Leandro Riedi,,,111,1587.3
95,1568.0,,123,1692.2,26.6,112,1731.0,-0.45,2023-04,175,1644.9,Zsombor Piros,,,112,1655.0
93,1623.1,,84,1691.5,36.1,123,1935.1,0.38,2024-07,77,1632.9,Jan Lennard Struff,,,113,1658.0
81,1551.0,,133,1690.3,22.1,152,1690.3,-0.07,2026-06,122,1581.6,Henrique Rocha,,,114,1673.0
106,1487.4,,209,1689.3,25.5,106,1792.0,0.18,2024-02,96,1652.7,Alexander Shevchenko,,,115,1634.5
124,1539.9,,147,1688.7,30.3,102,1884.7,-0.47,2023-01,185,1659.2,Yoshihito Nishioka,,,116,1618.3
172,1610.0,,93,1688.5,25.2,98,1744.9,0.12,2025-01,104,1664.1,Rinky Hijikata,,,117,1547.7
100,1538.1,,150,1688.1,30.9,104,1734.8,-1.55,2023-04,558,1655.0,Andrea Vavassori,,,118,1642.3
125,1679.3,,42,1684.5,32.7,120,1790.0,-1.38,2022-07,472,1635.3,Jason Kubler,,,119,1615.7
274,1522.0,,164,1682.8,22.3,96,1777.3,-0.20,2025-09,146,1665.3,Michael Zheng,,,120,1442.5
102,1467.9,,231,1682.4,28.1,100,1800.2,-0.42,2023-10,184,1661.9,Borna Gojo,,,121,1640.7
138,1626.0,,80,1680.7,25.6,86,2005.3,0.51,2022-03,73,1675.4,Jenson Brooksby,,,122,1600.6
128,1589.8,,107,1677.9,41.1,99,2145.5,0.10,2016-01,111,1663.8,Stan Wawrinka,,,123,1612.5
96,1609.6,,94,1677.7,34.2,136,1889.8,0.05,2019-01,118,1611.4,Nikoloz Basilashvili,,,124,1648.4
233,1671.9,,48,1674.0,37.9,109,1896.3,1.04,2018-01,44,1647.7,Adrian Mannarino,,,125,1488.0
200,1540.3,,146,1672.8,23.7,78,1787.0,-0.13,2026-04,144,1692.4,Toby Samuel,,,126,1518.3
152,1610.2,,92,1670.0,29.2,114,1896.0,-0.24,2021-10,161,1642.8,Lloyd Harris,,,127,1569.7
203,1649.6,,62,1668.2,28.8,142,1692.5,0.28,2023-09,97,1604.0,Sho Shimabukuro,,,128,1515.1
92,1617.3,,87,1666.9,29.9,158,1889.6,0.08,2019-04,119,1572.1,Cristian Garin,,,129,1658.7
98,1650.1,,61,1666.6,35.3,126,2048.7,-0.62,2017-04,242,1626.4,David Goffin,,,130,1643.1
114,1516.3,,171,1664.5,29.3,124,1801.7,0.05,2025-05,125,1630.3,Alexandre Muller,,,131,1628.4
121,1603.9,,96,1654.8,29.6,125,1830.9,-0.36,2024-09,189,1628.5,Zhizhen Zhang,,,132,1619.7
135,1509.1,,180,1652.8,19.7,132,1749.3,0.09,2025-10,121,1614.2,Nicolai Budkov Kjaer,,,133,1604.5
151,1530.9,,156,1651.9,22.0,103,1801.5,0.29,2023-04,100,1656.8,Luca Van Assche,,,134,1569.9
150,1595.5,,104,1651.5,24.7,118,1768.5,-0.28,2026-02,179,1638.2,Chris Rodesch,,,135,1570.2
129,1600.6,,99,1649.7,24.9,148,1800.2,0.60,2025-10,75,1589.5,Valentin Royer,,,136,1610.4
148,1573.2,,120,1649.4,34.3,143,1785.9,0.56,2021-11,78,1602.6,James Duckworth,,,137,1583.2
101,1635.2,,67,1648.3,30.5,156,1903.0,-0.39,2023-10,204,1573.5,Nicolas Jarry,,,138,1641.5
153,1489.7,,204,1648.2,27.7,131,1758.8,0.71,2024-04,68,1617.0,Aleksandar Kovacevic,,,139,1569.1
182,1546.4,,136,1647.2,25.0,113,1735.1,-0.04,2025-02,145,1644.0,Kyrian Jacquet,,,140,1540.9
113,1444.7,,271,1645.7,29.1,311,1653.1,0.06,2026-06,133,1407.8,Andrea Pellegrino,,,141,1628.5
111,1490.2,,203,1644.7,36.3,216,1693.1,0.43,2018-07,92,1505.1,Marco Trungelliti,,,142,1629.6
171,1520.6,,166,1641.3,19.8,139,1676.6,-0.03,2026-02,148,1606.3,Rei Sakamoto,,,143,1548.2
163,1482.5,,215,1640.5,26.5,137,1732.4,0.23,2026-01,114,1611.2,Patrick Kypson,,,144,1554.7
155,1488.5,,207,1639.0,23.6,127,1712.9,0.28,2025-04,110,1624.0,Dalibor Svrcina,,,145,1564.6
112,1488.8,,206,1638.6,24.1,213,1671.8,-0.25,2026-05,187,1507.4,Gustavo Heide,,,146,1629.2
137,1532.2,,154,1637.7,34.0,145,1895.8,0.34,2017-09,105,1595.4,Damir Dzumhur,,,147,1601.0
149,1542.9,,143,1637.4,25.6,119,1795.1,0.24,2021-11,117,1635.7,Hugo Gaston,,,148,1573.7
119,1433.6,,293,1635.3,29.9,181,1669.3,0.34,2025-11,106,1545.9,Jan Choinski,,,149,1621.4
116,1542.3,,144,1634.3,21.7,162,1657.0,-0.02,2026-05,153,1567.9,Stefanos Sakellaridis,,,150,1627.3
110,1453.1,,257,1634.2,25.4,208,1791.9,0.17,2024-02,127,1509.9,Facundo Diaz Acosta,,,151,1629.7
123,1472.4,,221,1633.6,23.7,231,1633.6,-0.08,2026-05,165,1486.6,Lukas Neumayer,,,152,1619.0
166,1506.0,,186,1628.4,31.9,122,1814.1,-0.01,2025-03,154,1634.5,Christopher Oconnell,,,153,1552.3
144,1491.6,,199,1628.1,35.9,167,1854.6,0.10,2018-10,139,1562.6,Dusan Lajovic,,,154,1597.6
127,1543.0,,141,1627.8,22.8,222,1741.1,0.03,2025-04,151,1493.3,Elmer Moller,,,155,1613.5
141,1581.9,,113,1627.4,28.4,169,1710.3,0.13,2023-07,137,1558.5,Tomas Barrios Vera,,,156,1598.5
276,1506.5,,184,1626.2,22.0,140,1730.8,0.36,2026-02,109,1604.8,Coleman Wong,,,157,1440.1
126,1469.5,,227,1626.2,25.1,154,1779.0,-0.12,2022-08,178,1578.6,Francesco Passaro,,,158,1615.0
205,1586.9,,110,1624.4,30.1,146,1773.3,0.48,2025-01,98,1594.4,Aleksandar Vukic,,,159,1512.7
204,1528.2,,160,1622.8,28.3,141,1762.3,-0.20,2017-02,195,1604.2,Michael Mmoh,,,160,1513.1
132,1500.9,,191,1622.3,33.2,150,1788.1,-0.07,2024-07,172,1587.5,Roberto Carballes Baena,,,161,1604.8
154,1578.9,,116,1621.9,24.3,149,1691.2,-0.18,2022-07,193,1589.0,Giulio Zeppieri,,,162,1565.7
139,1510.9,,177,1621.8,20.7,318,1621.8,-0.58,2026-05,290,1403.7,Kilian Feldbausch,,,163,1599.8
231,1549.9,,134,1621.5,31.1,134,1847.6,0.25,2023-03,128,1612.1,Mackenzie Mcdonald,,,164,1488.3
131,1470.8,,224,1620.1,32.9,240,1779.8,0.01,2022-05,163,1477.1,Hugo Dellien,,,165,1607.2
99,1509.2,,179,1618.5,22.1,262,1735.4,-0.01,2025-10,168,1453.9,Luka Mikrut,,,166,1643.0
213,1595.3,,105,1617.6,23.0,160,1685.3,0.01,2025-07,166,1570.6,Mark Lajal,,,167,1504.1
174,1511.2,,175,1614.4,27.5,138,1797.1,-0.40,2024-05,251,1609.7,Pavel Kotov,,,168,1546.0
191,1507.0,,181,1613.9,21.3,130,1722.1,0.22,2026-03,135,1618.2,Arthur Gea,,,169,1529.7
305,1505.3,,187,1610.6,25.8,165,1616.6,-1.03,2025-10,478,1563.4,Dhakshineswar Suresh,,,170,1415.3
194,1603.0,,98,1610.4,35.6,157,1902.5,-0.36,2021-04,244,1573.1,Daniel Evans,,,171,1527.5
133,1433.4,,294,1610.3,28.4,269,1725.0,0.20,2021-10,141,1445.0,Carlos Taberner,,,172,1604.7
216,1516.9,,168,1607.7,32.4,151,1757.4,-0.19,2022-03,209,1585.8,Liam Broady,,,173,1503.5
157,1576.4,,118,1606.1,26.6,155,1893.2,-1.49,2023-06,773,1576.8,Emil Ruusuvuori,,,174,1558.3
169,1472.2,,222,1605.4,26.3,159,1632.3,-0.11,2026-06,196,1572.1,Clement Tabur,,,175,1549.7
289,1579.7,,115,1601.4,33.3,180,1688.9,0.13,2019-03,155,1547.4,Alex Bolt,,,176,1427.6
117,1557.2,,130,1601.1,27.8,190,1777.5,-0.02,2024-03,180,1535.1,Lukas Klein,,,177,1623.9
181,1478.2,,217,1601.0,23.2,147,1738.0,-0.12,2024-10,201,1592.4,Jerome Kym,,,178,1541.0
177,1436.4,,288,1600.5,22.8,153,1724.6,0.03,2024-04,173,1579.6,Luca Nardi,,,179,1543.6
143,1549.7,,135,1598.8,24.8,164,1910.0,0.33,2024-10,130,1564.3,Jacob Fearnley,,,180,1597.7
142,1457.1,,251,1591.8,23.7,192,1709.5,-1.02,2025-05,504,1533.6,Matteo Gigante,,,181,1598.0
209,1556.7,,131,1591.6,35.2,161,1867.9,-0.31,2019-06,249,1568.9,Pierre Hugues Herbert,,,182,1507.6
147,1363.2,,432,1590.7,35.5,205,1737.0,-0.89,2021-07,444,1512.9,Facundo Bagnis,,,183,1583.8
226,1455.1,,255,1588.7,24.4,166,1699.6,0.15,2025-07,159,1563.3,Liam Draxl,,,184,1496.0
257,1528.8,,158,1588.0,27.2,182,1631.5,-0.02,2024-04,188,1545.9,Alexis Galarneau,,,185,1458.9
89,1531.3,,155,1587.2,24.5,250,1829.4,0.14,2025-07,162,1469.3,Filip Misolic,,,186,1663.9
165,1438.5,,285,1583.5,28.9,244,1643.5,-0.06,2023-07,199,1474.9,Vitaliy Sachko,,,187,1552.7
184,1491.4,,200,1582.8,19.1,168,1644.2,0.04,2025-06,181,1559.5,Federico Cina,,,188,1539.6
162,1463.6,,239,1582.5,25.1,189,1753.1,-0.01,2025-01,191,1535.8,Tristan Boyer,,,189,1555.2
195,1511.8,,174,1582.1,27.0,172,1702.1,0.22,2023-06,152,1557.0,Jurij Rodionov,,,190,1527.4
156,1504.5,,189,1580.8,24.3,176,1701.9,-0.06,2024-06,203,1553.0,Harold Mayot,,,191,1560.0
254,1559.2,,128,1580.7,23.2,163,1837.6,0.08,2025-06,177,1567.2,Colton Smith,,,192,1460.4
161,1490.3,,201,1580.6,,306,1606.1,-0.76,2026-04,414,1410.5,Jack Kennedy,,,193,1555.7
160,1451.0,,261,1579.1,29.1,177,1844.3,0.36,2022-04,136,1551.7,Pedro Martinez,,,194,1555.8
217,1538.5,,149,1579.0,25.2,170,1591.3,0.05,2023-07,186,1558.0,Gauthier Onclin,,,195,1502.5
187,1453.7,,256,1573.5,34.4,185,1793.8,0.40,2021-02,132,1540.6,Stefano Travaglia,,,196,1536.7
176,1486.1,,210,1572.1,27.2,398,1586.5,-0.09,2026-06,216,1337.0,Nikolas Sanchez Izquierdo,,,197,1544.5
265,1571.0,,121,1570.6,23.1,174,1685.0,0.30,2026-02,147,1554.2,Jack Pinnington Jones,,,198,1453.7
188,1485.1,,211,1570.2,20.3,203,1660.8,0.13,2026-04,174,1516.1,Joel Schwaerzler,,,199,1535.6
201,1523.4,,163,1569.3,21.4,175,1718.5,0.44,2025-05,129,1553.7,Vilius Gaubas,,,200,1518.3
218,1484.3,,212,1568.7,18.5,225,1610.4,-0.05,2026-04,211,1491.8,Darwin Blanch,,,201,1502.1
208,1533.2,,153,1568.3,30.1,187,1751.8,0.10,2015-06,182,1537.4,Elias Ymer,,,202,1509.1
292,1484.1,,213,1568.2,17.2,179,1579.4,-0.07,2026-05,217,1549.3,Moise Kouame,,,203,1426.0
164,1470.7,,225,1567.7,31.9,193,1748.2,-0.33,2024-05,285,1532.7,Thiago Monteiro,,,204,1553.6
183,1480.9,,216,1566.4,33.3,207,1766.8,0,2023-04,206,1511.5,Taro Daniel,,,205,1540.7
193,1483.0,,214,1566.1,22.1,214,1580.9,-0.18,2026-06,247,1507.3,Hynek Barton,,,206,1528.9
190,1432.5,,298,1564.5,33.6,273,1838.6,0.21,2018-07,167,1440.5,Marco Cecchinato,,,207,1535.0
197,1538.6,,148,1562.6,38.3,194,1864.2,-0.37,2010-10,302,1531.2,Mikhail Kukushkin,,,208,1523.9
189,1464.4,,235,1561.7,32.3,238,1697.0,-0.06,2015-04,221,1478.1,Kimmer Coppejans,,,209,1535.3
210,1447.7,,268,1560.9,26.8,183,1587.3,-0.05,2026-05,220,1544.6,Pol Martin Tiffon,,,210,1506.2
185,1381.6,,394,1559.9,34.2,256,1754.4,-1.44,2021-07,890,1460.6,Federico Coria,,,211,1539.0
399,1434.7,,292,1559.6,27.3,198,1588.0,-0.03,2026-04,218,1526.4,Rio Noguchi,,,212,1327.4
175,1463.3,,240,1556.4,35.3,200,1824.7,-0.46,2017-09,339,1523.2,Cedrik Marcel Stebe,,,213,1544.9
178,1406.0,,352,1555.7,24.8,220,1715.6,-0.09,2022-04,234,1495.8,Chun Hsin Tseng,,,214,1542.7
299,1461.6,,247,1555.1,30.2,197,1734.0,-0.04,2022-09,223,1526.7,Hugo Grenier,,,215,1419.0
180,1489.1,,205,1554.1,25.3,233,1672.0,0.20,2024-07,176,1484.4,Timofey Skatov,,,216,1541.5
222,1543.0,,142,1552.3,28.1,188,1798.2,-0.29,2023-05,289,1536.4,Yosuke Watanuki,,,217,1499.9
273,1533.9,,152,1550.4,25.2,204,1703.1,0.38,2025-07,149,1515.2,Tristan Schoolkate,,,218,1443.8
248,1614.8,,90,1549.1,28.0,211,1677.9,0.43,2021-09,143,1508.2,August Holmgren,,,219,1465.3
214,1496.8,,194,1546.9,25.5,195,1673.5,-0.06,2024-07,233,1528.9,Alejandro Moro Canas,,,220,1504.0
243,1418.9,,323,1546.8,23.4,173,1711.4,0.58,2022-07,124,1555.2,Francesco Maestrelli,,,221,1472.5
368,1450.9,,262,1546.0,24.4,171,1641.5,-0.01,2026-04,224,1557.2,Harry Wendelken,,,222,1358.0
388,1543.7,,139,1545.8,22.9,228,1584.1,0.08,2025-03,205,1488.3,James Mccabe,,,223,1336.4
206,1472.7,,220,1545.4,27.5,332,1592.2,-0.03,2026-06,230,1393.7,Andrea Guerrieri,,,224,1509.9
168,1433.4,,295,1544.6,31.9,403,1544.6,0.17,2026-06,190,1334.1,David Jorda Sanchis,,,225,1550.5
220,1456.1,,253,1544.4,21.8,219,1672.0,-0.01,2024-09,229,1499.1,Edas Butvilas,,,226,1501.1
285,1522.0,,165,1543.9,25.5,199,1559.8,-0.10,2021-09,252,1525.8,Philip Henning,,,227,1429.5
336,1472.0,,223,1543.9,25.5,202,1556.5,-0.12,2026-06,257,1518.6,Andre Ilagan,,,228,1382.0
333,1441.4,,277,1543.8,24.9,186,1695.5,0.14,2024-03,200,1538.7,Clement Chidekh,,,229,1385.3
179,1490.3,,202,1542.9,31.1,254,1662.1,-0.06,2024-05,245,1463.9,Stefano Napolitano,,,230,1541.5
240,1470.0,,226,1540.0,19.8,252,1565.2,-0.37,2026-06,334,1466.5,Petr Brunclik,,,231,1480.4
237,1519.8,,167,1539.6,18.8,201,1619.4,-0.21,2025-03,287,1523.2,Maxim Mrva,,,232,1483.4
159,1516.4,,169,1538.0,32.2,209,1922.5,-0.85,2021-09,547,1509.1,Ilya Ivashka,,,233,1556.6
199,1469.0,,229,1538.0,22.1,260,1556.6,0.03,2026-06,227,1457.3,Lautaro Midon,,,234,1520.9
375,1507.0,,182,1536.8,27.7,215,1725.5,-0.62,2025-02,439,1507.1,Brandon Holt,,,235,1353.7
192,1468.3,,230,1536.6,23.2,452,1568.1,-0.21,2026-06,291,1285.4,Dali Blanch,,,236,1529.5
223,1447.9,,267,1534.0,22.7,241,1601.2,0.04,2026-04,228,1476.4,Tom Gentzsch,,,237,1498.5
202,1380.4,,397,1533.9,25.6,249,1670.0,0.01,2024-06,235,1470.7,Henri Squire,,,238,1516.2
242,1530.0,,157,1533.1,23.7,210,1798.6,-0.37,2021-06,347,1508.7,Dominic Stricker,,,239,1474.4
207,1466.2,,232,1532.5,18.4,395,1546.8,-0.36,2026-06,345,1339.9,Jacopo Vasami,,,240,1509.9
225,1464.7,,234,1529.3,25.9,266,1592.8,-0.08,2026-05,260,1449.4,Buvaysar Gadamauri,,,241,1496.0
158,1469.4,,228,1528.0,31.7,261,1695.9,-0.87,2024-07,576,1454.4,Alexander Ritschard,,,242,1557.1
212,1464.0,,236,1527.9,21.6,358,1578.5,,2026-04,,1374.0,Gianluca Cadenasso,,,243,1504.4
198,1441.4,,278,1527.7,18.2,396,1565.8,-0.07,2026-06,262,1339.3,Diego Dedura Palomero,,,244,1522.7
255,1463.2,,241,1526.5,20.9,230,1543.3,-0.14,2026-04,281,1486.9,Rodrigo Pacheco Mendez,,,245,1459.8
270,1463.0,,243,1525.9,27.7,217,1580.9,0.22,2026-01,197,1501.2,Remy Bertola,,,246,1447.5
385,1461.9,,245,1523.7,22.6,191,1679.7,-0.19,2026-02,299,1535.1,Ilia Simakin,,,247,1339.4
306,1524.2,,162,1523.4,29.4,223,1864.8,-0.94,2023-07,637,1493.0,Christopher Eubanks,,,248,1414.6
236,1487.6,,208,1521.2,29.9,224,1757.5,-0.23,2022-09,312,1492.6,Daniel Elahi Galan,,,249,1483.6
221,1459.0,,248,1518.0,27.4,279,1584.8,0.04,2024-08,239,1433.3,Andres Andrade,,,250,1500.8
211,1458.5,,249,1517.1,28.7,285,1649.4,-0.26,2026-01,327,1429.3,Igor Ribeiro Marcondes,,,251,1504.7
357,1502.3,,190,1515.6,20.8,206,1534.7,-0.17,2026-06,298,1511.9,Filippo Romano,,,252,1364.9
281,1401.5,,356,1515.5,27.3,184,1662.1,0.39,2025-08,171,1543.2,Ugo Blanchet,,,253,1433.4
235,1476.5,,218,1513.4,29.9,221,1817.0,-0.19,2023-02,308,1494.3,Marc Andrea Huesler,,,254,1484.8
228,1381.6,,395,1513.4,27.8,362,1585.6,0.23,2023-07,202,1365.9,Genaro Alberto Olivieri,,,255,1491.7
241,1506.5,,185,1512.9,20.6,242,1665.9,0.17,2026-01,215,1475.5,Gilles Arnaud Bailly,,,256,1480.1
247,1421.7,,317,1511.7,18.8,290,1546.2,-0.27,2026-06,336,1425.3,Max Schoenhaus,,,257,1467.0
215,1455.4,,254,1510.8,21.2,340,1611.6,0.50,2025-10,157,1386.0,Juan Carlos Prado Angelo,,,258,1503.8
266,1474.7,,219,1510.4,26.0,212,1687.5,0.42,2026-02,170,1507.5,Daniil Glinka,,,259,1451.1
229,1453.0,,258,1506.0,26.2,349,1552.8,0.14,2026-05,226,1381.9,Franco Roncadelli,,,260,1489.7
393,1440.2,,280,1505.4,25.1,234,1732.0,-0.87,2025-03,623,1482.0,Arthur Bouquier,,,261,1332.6
451,1431.5,,300,1505.0,29.6,239,1555.0,0,2026-05,261,1477.8,Fajing Sun,,,262,1284.1
219,1543.7,,140,1503.6,22.5,251,1735.2,-0.27,2025-08,344,1467.2,Oliver Tarvet,,,263,1501.8
296,1451.7,,259,1503.5,23.5,236,1529.0,-0.16,2025-02,309,1480.9,Inaki Montes De La Torre,,,264,1421.7
373,1451.4,,260,1502.7,22.4,237,1581.8,-0.43,2025-10,407,1480.2,Jay Dylan Hara Friend,,,265,1356.2
363,1512.6,,173,1502.7,26.8,246,1602.2,-0.12,2025-08,301,1473.4,Hamish Stewart,,,266,1361.4
294,1342.3,,476,1502.2,27.1,243,1648.0,0.23,2023-11,213,1475.3,Yu Hsiou Hsu,,,267,1423.6
234,1463.2,,242,1502.1,26.1,218,1793.4,-0.10,2024-05,297,1501.1,Thiago Seyboth Wild,,,268,1486.1
227,1411.4,,341,1502.0,24.1,390,1722.8,0.10,2025-08,243,1341.9,Guy Den Ouden,,,269,1494.3
232,1447.4,,269,1501.5,29.6,287,1621.1,0.55,2021-09,156,1429.1,Zdenek Kolar,,,270,1488.3
250,1450.2,,263,1500.4,25.0,277,1542.7,-0.06,2026-05,288,1435.7,Cezar Cretu,,,271,1463.1
366,1411.6,,340,1499.0,28.9,245,1527.6,-0.07,2026-06,293,1474.7,Giles Hussey,,,272,1359.5
244,1418.7,,325,1498.3,29.0,291,1644.9,0.15,2023-01,236,1424.8,Raul Brancaccio,,,273,1472.3
230,1379.9,,400,1494.8,28.7,264,1745.2,-0.01,2019-09,277,1451.9,Sumit Nagal,,,274,1489.2
252,1410.7,,342,1493.1,21.8,430,1537.4,-0.22,2026-03,341,1307.6,Mili Poljicak,,,275,1462.8
304,1379.4,,401,1492.9,22.7,235,1575.0,-0.64,2025-02,526,1481.3,Max Hans Rehberg,,,276,1416.1
239,1495.9,,196,1491.7,21.6,296,1566.0,0.08,2026-05,255,1420.5,Andrej Nedic,,,277,1482.7
268,1494.9,,197,1489.7,18.4,275,1534.7,-0.31,2026-04,378,1438.7,Manas Dhamne,,,278,1448.2
423,1388.1,,382,1488.6,25.2,259,1645.7,0.79,2026-02,126,1457.8,Dane Sweeny,,,279,1309.5
196,1400.1,,361,1488.4,29.9,258,1991.8,-0.67,2018-03,549,1459.1,Hyeon Chung,,,280,1525.7
348,1516.4,,170,1487.9,29.9,248,1633.5,-0.33,2022-10,389,1471.1,Li Tu,,,281,1370.4
245,1461.9,,246,1487.2,31.5,304,1584.4,-0.27,2023-07,369,1412.7,Nerman Fatic,,,282,1471.1
358,1492.9,,198,1485.8,31.3,255,1711.4,0.69,2024-06,142,1461.5,Billy Harris,,,283,1364.8
224,1442.9,,274,1485.8,26.2,288,1582.4,0.55,2026-04,164,1428.2,Nicolas Mejia,,,284,1497.0
321,1442.7,,275,1485.4,24.5,226,1604.9,0.07,2026-04,265,1491.5,Stefan Dostanic,,,285,1399.5
293,1513.2,,172,1485.4,33.6,268,1947.4,0.40,2015-03,192,1446.7,Bernard Tomic,,,286,1425.1
378,1442.4,,276,1484.9,20.0,265,1625.4,-0.40,2025-09,429,1450.5,Trevor Svajda,,,287,1352.4
249,1504.7,,188,1484.9,21.2,312,1518.9,-0.04,2025-09,300,1407.1,Antoine Ghibaudo,,,288,1464.7
303,1463.7,,238,1482.9,31.1,232,1642.4,0.22,2021-05,232,1485.6,Frederico Ferreira Silva,,,289,1416.2
251,1439.7,,282,1479.3,23.3,465,1532.2,0.19,2026-04,241,1272.0,Pedro Boscardin Dias,,,290,1463.1
258,1439.5,,283,1479.0,23.7,399,1507.1,0.07,2026-05,272,1336.8,Max Alcala Gurri,,,291,1458.7
246,1497.2,,193,1477.4,28.1,294,1695.3,-1.02,2023-10,809,1421.9,Felipe Meligeni Alves,,,292,1468.5
262,1438.3,,286,1476.7,28.2,334,1543.6,-0.25,2024-07,377,1392.5,Enrico Dalla Valle,,,293,1455.4
256,1391.4,,378,1475.7,25.9,426,1527.7,0.24,2026-04,231,1312.5,Max Houkes,,,294,1459.7
259,1351.4,,456,1475.0,25.1,257,1687.6,0.05,2024-09,282,1459.4,Duje Ajdukovic,,,295,1457.2
253,1437.4,,287,1474.8,26.2,379,1531.3,0.22,2025-11,237,1353.8,Joao Lucas Reis Da Silva,,,296,1461.4
264,1366.3,,427,1474.6,33.1,373,1707.6,0.12,2021-10,264,1357.0,Franco Agamenone,,,297,1454.3
352,1436.0,,289,1471.9,24.0,253,1537.1,-0.04,2025-05,311,1464.0,Eliakim Coulibaly,,,298,1368.6
260,1417.3,,331,1471.7,35.8,263,1753.2,-0.22,2020-11,373,1452.0,Norbert Gombos,,,299,1456.5
271,1415.8,,334,1471.7,23.4,463,1627.0,0.12,2025-11,266,1273.0,Alvaro Guillen Meza,,,300,1445.1
311,1346.0,,470,1471.4,23.4,227,1613.8,0.10,2023-09,271,1488.7,Daniel Rincon,,,301,1411.1
272,1347.3,,462,1469.9,36.7,359,1674.7,-0.27,2014-08,395,1372.7,Andrej Martin,,,302,1443.9
238,1386.2,,386,1468.0,31.3,322,1651.1,0.10,2015-06,275,1401.7,Calvin Hemery,,,303,1483.0
278,1448.2,,266,1466.0,18.9,267,1495.6,-0.48,2026-02,489,1448.0,Mees Rottgering,,,304,1437.8
341,1369.9,,421,1465.8,23.9,229,1531.5,0.32,2026-02,222,1487.0,Felix Gill,,,305,1373.9
315,1432.9,,296,1465.8,21.6,271,1510.9,-0.18,2025-07,368,1443.2,Mika Brunold,,,306,1406.6
261,1465.1,,233,1463.5,31.5,305,1608.2,-0.43,2023-07,473,1411.1,Laurent Lokoli,,,307,1456.0
301,1431.7,,299,1463.5,19.0,391,1531.6,-0.68,2026-03,606,1341.7,Alexander Vasilev,,,308,1417.3
383,1417.4,,330,1462.8,33.8,284,1727.5,-0.05,2019-10,325,1430.7,Yasutaka Uchiyama,,,309,1347.5
290,1423.5,,312,1460.7,32.3,278,1653.6,-0.12,2022-04,349,1435.5,Mitchell Krueger,,,310,1427.1
267,1499.2,,192,1460.6,36.5,282,1823.4,-0.36,2019-05,446,1432.8,Radu Albot,,,311,1451.0
269,1429.8,,303,1459.7,22.1,439,1602.2,0.53,2025-11,183,1298.4,Gonzalo Bueno,,,312,1448.1
319,1438.9,,284,1459.4,22.7,247,1663.9,-0.13,2022-04,358,1471.3,Marko Topo,,,313,1399.9
287,1429.3,,304,1458.7,31.9,293,1540.2,-0.37,2024-11,456,1423.4,Christoph Negritu,,,314,1428.7
275,1432.7,,297,1457.4,27.2,326,1581.0,-0.30,2024-07,424,1398.9,Javier Barranco Cosano,,,315,1441.3
277,1511.2,,176,1455.9,23.0,302,1714.9,0.83,2025-10,138,1415.6,Shintaro Mochizuki,,,316,1439.4
286,1427.9,,306,1455.8,20.8,316,1601.7,0.40,2024-09,212,1404.1,Matej Dodig,,,317,1429.1
284,1389.0,,380,1455.6,33.1,343,1554.6,-0.01,2024-06,320,1382.8,Oriol Roca Batalla,,,318,1430.1
425,1427.7,,307,1455.4,21.1,270,1610.1,0.23,2026-01,253,1444.6,Yi Zhou,,,319,1308.3
339,1509.7,,178,1455.4,25.5,323,1640.2,0.01,2023-11,318,1401.7,Beibit Zhukayev,,,320,1378.6
406,1398.4,,365,1453.5,27.4,292,1503.3,-0.08,2025-10,348,1424.3,Mats Rosenkranz,,,321,1320.2
291,1426.2,,309,1452.4,24.3,377,1560.3,-0.63,2024-08,602,1355.8,Andrew Paulson,,,322,1426.8
433,1408.2,,346,1451.8,25.0,274,1649.0,0.16,2025-07,276,1439.8,George Loffhagen,,,323,1301.0
364,1401.2,,357,1451.2,24.2,276,1488.1,0.17,2025-10,274,1436.2,Petr Bar Biryukov,,,324,1361.1
263,1422.1,,315,1450.6,31.2,327,1680.2,-0.31,2023-10,442,1397.8,Benjamin Hassan,,,325,1454.3
312,1425.3,,310,1450.6,23.4,375,1513.5,0.20,2026-05,268,1356.1,Martin Krumich,,,326,1410.7
300,1346.5,,466,1449.6,27.8,300,1617.4,0.27,2018-07,250,1416.4,Jay Clarke,,,327,1418.4
390,1374.9,,410,1449.5,24.3,295,1559.8,0.11,2026-01,294,1421.1,Johannus Monday,,,328,1334.8
308,1418.8,,324,1447.9,32.8,281,1640.1,-0.13,2021-05,375,1432.9,Dimitar Kuzmanov,,,329,1412.3
422,1430.2,,302,1447.1,26.9,298,1590.8,-0.07,2024-05,353,1417.4,Yuta Shimizu,,,330,1309.6
324,1422.8,,314,1445.5,22.6,314,1490.1,-0.50,2026-06,546,1406.3,Johan Alexander Rodriguez Rodriguez,,,331,1396.3
295,1421.6,,318,1443.1,25.1,356,1501.5,0.06,2024-07,313,1375.5,Alex Martinez,,,332,1422.2
318,1448.6,,265,1441.4,26.1,286,1635.0,0.42,2025-07,219,1429.3,Luka Pavlovic,,,333,1399.9
371,1440.0,,281,1441.0,30.2,321,1723.2,-0.08,2022-06,363,1402.0,Ryan Peniston,,,334,1356.5
283,1348.2,,461,1440.1,30.5,374,1730.0,0.09,2021-10,305,1356.8,Juan Pablo Varillas,,,335,1430.9
280,1419.8,,319,1439.6,27.1,407,1487.5,0.06,2026-04,317,1331.7,Matias Soto,,,336,1434.0
345,1457.4,,250,1438.5,26.9,308,1580.7,0.35,2023-10,238,1409.8,Oliver Crawford,,,337,1373.0
307,1419.2,,321,1438.3,24.3,337,1522.8,0.10,2026-01,307,1389.6,Lilian Marmousez,,,338,1412.7
476,1360.8,,439,1435.7,33.6,303,1628.4,-0.51,2023-03,563,1413.4,Antoine Escoffier,,,339,1258.4
282,1417.6,,328,1435.3,25.3,354,1507.2,0.14,2026-04,295,1376.5,Sergey Fomin,,,340,1432.3
350,1323.4,,489,1435.2,34.7,280,1643.8,0.48,2019-06,210,1433.2,Lorenzo Giustino,,,341,1369.6
298,1417.5,,329,1435.0,22.3,369,1471.1,0.18,2026-05,286,1357.9,Juan Manuel La Serna,,,342,1420.4
327,1440.3,,279,1434.8,29.1,313,1618.1,-0.05,2019-10,360,1407.0,Marc Polmans,,,343,1393.0
365,1417.3,,332,1434.5,33.3,299,1647.0,0.83,2025-09,150,1417.1,Moez Echargui,,,344,1360.6
414,1419.5,,320,1434.2,28.0,309,1536.4,0.23,2024-06,273,1408.8,Charles Broom,,,345,1314.4
400,1444.5,,272,1433.9,21.6,317,1484.5,-0.23,2026-05,437,1404.0,Edward Winter,,,346,1326.9
320,1424.3,,311,1432.7,29.4,329,1668.6,0.48,2024-09,214,1396.5,Federico Agustin Gomez,,,347,1399.7
325,1428.3,,305,1431.0,29.3,289,1597.4,0.56,2020-10,198,1426.6,Juan Pablo Ficovich,,,348,1395.2
335,1386.6,,384,1430.2,29.4,339,1659.6,-0.03,2023-05,361,1386.6,Ivan Gakhov,,,349,1384.3
322,1414.8,,335,1429.6,26.4,387,1466.4,0.26,2026-04,269,1344.5,Miguel Damas,,,350,1399.0
323,1414.4,,336,1429.0,28.2,310,1724.4,0.10,2022-02,319,1408.3,Stefan Kozlov,,,351,1397.2
353,1463.9,,237,1427.7,27.8,272,1558.6,-0.42,2021-09,538,1442.4,Alexander Donski,,,352,1368.2
316,1378.2,,402,1427.0,33.6,378,1616.9,0.01,2019-09,350,1354.5,Facundo Mena,,,353,1405.6
310,1333.5,,485,1426.2,34.3,419,1572.5,0.09,2019-09,323,1322.2,Andrea Collarini,,,354,1411.2
441,1413.0,,337,1426.0,27.0,315,1565.5,0.39,2025-11,240,1405.9,Dan Added,,,355,1291.5
387,1445.2,,270,1425.8,26.4,319,1632.1,0.08,2022-03,329,1403.3,Paul Jubb,,,356,1338.0
359,1412.3,,338,1424.6,23.6,301,1613.9,-0.09,2025-02,391,1415.7,Marat Sharipov,,,357,1364.7
343,1462.2,,244,1424.4,26.3,297,1590.8,0.17,2020-02,303,1420.5,Daniel Michalski,,,358,1373.4
302,1339.6,,479,1423.2,27.7,333,1591.5,-0.08,2023-05,387,1392.8,Geoffrey Blancaneaux,,,359,1417.3
481,1410.5,,343,1421.0,27.9,331,1453.4,0.38,2026-05,246,1394.6,Keegan Smith,,,360,1253.6
367,1417.1,,333,1420.0,36.9,338,1661.3,-1.12,2018-03,1103,1389.2,Jason Jung,,,361,1359.0
309,1410.0,,344,1420.0,28.4,441,1500.8,0.38,2026-02,248,1295.7,Guido Ivan Justo,,,362,1411.5
328,1408.3,,345,1416.7,23.4,386,1457.6,-0.24,2025-10,461,1345.0,Milos Karol,,,363,1391.0
408,1408.0,,347,1416.0,27.3,336,1501.3,-0.32,2026-03,500,1390.4,Blake Ellis,,,364,1318.0
369,1390.0,,379,1415.6,27.3,328,1624.5,0.09,2024-02,333,1397.5,Matteo Martineau,,,365,1358.0
342,1371.6,,417,1415.2,33.0,347,1637.3,-0.51,2018-04,608,1382.0,Alexey Vatutin,,,366,1373.8
344,1371.9,,414,1414.8,22.8,330,1563.9,0.28,2025-01,278,1394.6,Sascha Gueymard Wayenburg,,,367,1373.2
419,1391.5,,376,1414.8,23.7,341,1684.9,0.23,2025-02,292,1385.6,Murphy Cassone,,,368,1311.5
372,1384.9,,390,1414.2,26.7,350,1658.1,-0.10,2025-01,406,1380.4,James Trotter,,,369,1356.3
317,1407.1,,349,1414.1,22.5,477,1414.1,0.13,2026-06,324,1258.2,Luciano Emanuel Ambrogi,,,370,1403.4
288,1457.0,,252,1414.0,18.9,324,1513.8,0.03,2026-03,359,1401.1,Ognjen Milic,,,371,1427.8
331,1402.2,,355,1413.4,31.4,345,1621.9,-0.01,2021-03,374,1382.5,Daniel Masur,,,372,1387.3
314,1423.5,,313,1413.1,29.3,361,1779.9,,2023-05,,1366.2,Bernabe Zapata Miralles,,,373,1407.4
279,1431.0,,301,1411.6,27.4,364,1624.9,-0.47,2025-05,597,1364.1,Hady Habib,,,374,1435.4
409,1434.8,,291,1411.4,18.6,307,1607.8,0.37,2025-11,258,1410.5,Justin Engel,,,375,1317.8
474,1364.9,,428,1410.6,30.3,353,1505.8,0.03,2023-01,365,1377.3,Marek Gengel,,,376,1260.0
330,1406.8,,350,1410.2,25.7,346,1619.6,0.10,2024-05,340,1382.1,Nick Hardt,,,377,1389.9
346,1404.7,,353,1409.3,26.9,335,1474.2,0.39,2026-01,256,1392.1,Florent Bax,,,378,1371.4
377,1404.4,,354,1408.7,25.7,381,1422.6,-0.17,2026-04,449,1351.6,Tibo Colson,,,379,1352.5
437,1421.9,,316,1408.5,22.5,283,1648.2,0.25,2024-02,296,1431.3,Abedallah Shelbayh,,,380,1295.2
326,1372.8,,413,1407.3,32.3,470,1474.0,-0.10,2022-09,421,1269.9,Hernan Casanova,,,381,1393.2
415,1371.9,,415,1406.8,27.9,352,1526.5,0.35,2024-01,270,1378.6,Alastair Gray,,,382,1313.4
297,1362.5,,435,1406.1,28.0,355,1605.0,0.11,2023-04,342,1375.9,Tung Lin Wu,,,383,1421.1
446,1412.3,,339,1400.1,24.6,351,1421.3,-0.18,2026-06,458,1379.2,Niels Visker,,,384,1290.0
329,1400.7,,358,1399.7,25.1,473,1650.0,-0.06,2022-03,409,1264.1,Matheus Pucinelli De Almeida,,,385,1390.9
340,1399.8,,362,1399.6,24.5,371,1455.1,0.02,2025-11,379,1357.3,Mathys Erhard,,,386,1374.1
381,1343.4,,474,1399.5,31.2,344,1540.6,0.14,2023-03,335,1382.8,Michael Geerts,,,387,1347.9
347,1398.8,,363,1397.7,26.8,415,1478.8,0.04,2019-07,372,1323.2,Francesco Forti,,,388,1370.9
332,1398.8,,364,1397.7,24.1,436,1586.6,0.33,2022-07,280,1300.9,Juan Bautista Torres,,,389,1386.1
334,1448.8,,264,1397.5,27.3,363,1567.7,0.07,2021-07,362,1365.5,Marvin Moeller,,,390,1384.6
424,1381.7,,393,1397.2,23.5,357,1409.2,-0.18,2026-03,466,1375.1,Quinn Vandecasteele,,,391,1308.6
355,1407.9,,348,1396.0,32.9,342,1565.7,-0.17,2024-01,463,1383.6,Denis Yevseyev,,,392,1366.2
395,1397.7,,366,1395.4,28.6,320,1514.0,-0.01,2021-12,398,1403.2,Oleg Prihodko,,,393,1331.7
361,1386.6,,385,1390.7,24.7,431,1578.5,0.39,2019-09,267,1307.2,Filip Cristian Jianu,,,394,1363.8
462,1356.8,,446,1390.0,22.6,365,1533.1,0.21,2024-07,321,1363.3,Philip Sekulic,,,395,1273.8
382,1394.6,,369,1389.2,27.0,394,1506.3,-0.31,2025-08,541,1340.1,Jakub Paul,,,396,1347.6
360,1376.5,,405,1387.1,25.2,406,1614.5,0.23,2022-05,315,1333.0,Jonas Forejtek,,,397,1363.9
337,1362.7,,433,1386.8,25.4,393,1712.9,-0.18,2019-06,476,1340.8,Rudolf Molleker,,,398,1381.9
313,1443.2,,273,1386.4,22.9,366,1652.1,0.36,2024-06,279,1361.8,Maks Kasnikowski,,,399,1408.5
391,1322.8,,490,1385.2,29.4,325,1631.7,-0.54,2020-01,689,1399.6,Dmitry Popko,,,400,1334.0
362,1392.5,,372,1385.1,23.6,475,1596.1,0.66,2025-07,207,1260.7,Alex Barrena,,,401,1361.7
407,1392.1,,373,1384.2,22.5,370,1404.1,0.20,2026-06,328,1357.9,Braden Shick,,,402,1319.0
430,1392.0,,374,1383.9,22.1,367,1472.4,-0.04,2025-09,419,1361.0,Samir Banerjee,,,403,1302.0
380,1350.6,,459,1383.8,29.0,382,1658.6,0.28,2017-08,306,1350.9,Akira Santillan,,,404,1349.7
349,1391.6,,375,1383.2,28.2,469,1463.2,0.06,2026-03,381,1270.1,Eduardo Ribeiro,,,405,1370.4
485,1391.5,,377,1382.9,28.2,380,1491.5,-0.06,2025-05,433,1353.5,Jie Cui,,,406,1249.3
416,1396.3,,368,1380.2,23.0,368,1541.1,-0.28,2024-11,539,1358.9,Aidan Mayo,,,407,1312.9
351,1339.4,,480,1379.8,33.8,389,1706.2,0.17,2018-05,343,1342.7,Nicolas Kicker,,,408,1369.1
456,1400.2,,359,1379.1,27.4,360,1553.9,,2025-02,,1367.1,Khumoun Sultanov,,,409,1277.7
354,1368.2,,424,1378.6,28.6,372,1602.5,0.30,2022-01,304,1357.2,Murkel Alejandro Dellien Velasco,,,410,1368.2
411,1388.7,,381,1377.4,23.7,376,1497.2,0.12,2025-11,366,1355.9,Tom Paris,,,411,1316.7
356,1388.1,,383,1376.2,21.0,487,1422.6,0.15,2025-06,355,1241.2,Federico Bondioli,,,412,1365.5
338,1385.8,,387,1371.6,28.4,405,1451.2,-0.37,2025-10,599,1333.4,Alfredo Perez,,,413,1379.7
376,1385.8,,388,1371.5,19.3,425,1537.6,-0.17,2025-11,490,1315.8,Henry Bernet,,,414,1353.0
439,1400.2,,360,1370.8,25.3,383,1473.9,0.22,2025-10,332,1350.9,Tyler Zink,,,415,1293.5
379,1434.9,,290,1369.8,26.8,385,1488.6,0.02,2022-03,408,1345.3,Gabi Adrian Boitan,,,416,1351.5
374,1384.4,,391,1368.8,26.1,442,1405.5,0.01,2026-02,411,1294.4,Stefan Palosi,,,417,1354.7
444,1380.3,,398,1360.6,21.3,409,1542.5,0.19,2026-03,346,1331.7,Hayato Matsuoka,,,418,1290.3
426,1392.8,,370,1360.2,31.6,404,1571.8,0.50,2023-02,254,1334.1,Kaichi Uchida,,,419,1308.0
458,1380.0,,399,1359.9,23.2,392,1540.9,0.39,2024-07,284,1341.1,Robin Bertrand,,,420,1275.5
435,1355.1,,448,1357.4,20.1,412,1474.6,0.17,2025-06,354,1327.0,Henry Searle,,,421,1296.8
404,1385.3,,389,1357.0,25.9,401,1499.5,0.24,2026-04,331,1336.1,Mert Alkaya,,,422,1322.9
392,1427.2,,308,1354.5,29.2,422,1415.6,-0.09,2016-03,462,1321.3,Eero Vasa,,,423,1333.8
432,1376.7,,403,1353.4,25.0,348,1526.2,-0.08,2022-11,460,1382.0,Nicolas Alvarez Varona,,,424,1301.2
479,1353.6,,453,1352.8,35.6,423,1584.0,0.01,2012-12,420,1320.8,Hiroki Moriya,,,425,1254.8
420,1376.2,,407,1352.4,20.3,437,1412.6,0.32,2026-01,310,1300.2,Thomas Faurel,,,426,1310.6
427,1376.0,,408,1352.0,25.7,418,1470.3,0,2022-06,426,1322.3,Luca Potenza,,,427,1307.5
449,1375.9,,409,1351.7,24.5,413,1416.6,0.16,2023-07,364,1326.4,Justin Boulais,,,428,1285.9
421,1397.0,,367,1351.7,29.2,428,1516.5,0.09,2022-07,392,1309.8,Alex Rybakov,,,429,1310.5
466,1355.0,,449,1348.5,24.6,397,1406.9,0.20,2026-02,352,1337.1,Daniel Milavsky,,,430,1267.4
412,1373.9,,411,1347.8,21.6,421,1524.4,-0.01,2025-04,434,1321.8,Maximus Jones,,,431,1316.4
394,1373.0,,412,1346.0,24.5,450,1450.9,-0.11,2025-07,480,1287.0,Alexandr Binda,,,432,1331.8
453,1371.7,,416,1343.4,23.5,420,1436.6,-0.16,2026-02,509,1321.9,Tai Sach,,,433,1281.7
473,1371.1,,418,1342.3,24.9,388,1468.0,0.01,2023-09,431,1344.5,Cannon Kingsley,,,434,1262.4
402,1381.3,,396,1340.7,19.9,432,1600.3,-0.06,1995-09,464,1306.9,Miguel Tobon,,,435,1325.7
418,1370.1,,420,1340.3,21.7,433,1418.7,-0.03,2026-03,448,1304.4,Sergio Callejon Hernando,,,436,1311.8
384,1369.6,,422,1339.2,25.9,456,1547.1,0.26,2025-11,337,1279.9,Sandro Kopp,,,437,1340.2
396,1419.2,,322,1338.4,21.8,410,1621.0,-0.28,2023-11,578,1331.4,Olaf Pieczkowski,,,438,1329.4
386,1418.7,,326,1337.4,25.0,400,1652.3,0.21,2025-08,357,1336.6,Ioannis Xilas,,,439,1339.2
428,1418.5,,327,1337.0,24.8,408,1603.6,0.34,2022-07,314,1331.7,Andres Martin,,,440,1306.1
497,1368.4,,423,1336.9,19.9,429,1435.8,-0.21,2025-10,543,1308.6,Mae Malige,,,441,1229.1
442,1368.1,,425,1336.2,25.3,414,1534.5,0.19,2025-08,367,1323.4,Garrett Johns,,,442,1291.1
403,1367.1,,426,1334.3,23.8,497,1355.1,-0.05,2024-04,467,1227.0,Valerio Aboian,,,443,1325.7
457,1310.6,,500,1333.8,29.1,402,1494.2,-0.07,2025-02,474,1336.1,Viktor Durasovic,,,444,1277.0
475,1376.3,,406,1331.6,26.8,417,1596.7,0.10,2025-03,401,1322.7,Patrick Zahraj,,,445,1259.0
440,1352.3,,455,1331.3,28.8,467,1455.6,0.06,2025-03,422,1271.4,Corentin Denolly,,,446,1292.5
492,1360.8,,440,1330.8,25.9,416,1360.2,-0.43,2026-01,687,1323.1,James Watt,,,447,1240.1
401,1364.6,,429,1329.2,26.5,500,1358.8,0.19,2026-05,370,1221.1,Tommaso Compagnucci,,,448,1326.8
447,1333.6,,484,1328.2,25.9,438,1623.0,-0.26,2024-08,585,1300.0,Federico Arnaboldi,,,449,1289.0
461,1364.0,,430,1328.0,27.5,440,1394.5,0.03,2024-11,436,1297.1,Masamichi Imamura,,,450,1274.0
471,1363.3,,431,1326.7,18.7,384,1522.8,-0.14,2026-04,521,1349.1,Karim Bennani,,,451,1263.3
413,1349.7,,460,1325.8,26.8,453,1672.6,0.12,2022-01,399,1283.7,Santiago Fa Rodriguez Taverna,,,452,1314.6
389,1362.7,,434,1325.4,27.2,478,1592.3,-0.03,2024-05,469,1257.8,Jacopo Berrettini,,,453,1335.8
496,1318.2,,493,1323.9,26.7,427,1374.8,0.02,2022-10,445,1310.0,Olukayode Alafia Damina Ayeni,,,454,1229.5
410,1361.0,,437,1322.0,17.1,472,1351.0,-0.60,2026-05,830,1267.1,Luis Guto Miguel,,,455,1317.1
434,1360.9,,438,1321.8,30.3,435,1363.3,-0.52,2026-03,766,1303.4,Conner Huertas Del Pino,,,456,1299.1
487,1360.8,,441,1321.5,24.8,434,1419.7,-0.07,2026-02,491,1303.8,Pietro Fellin,,,457,1245.4
431,1360.5,,442,1321.0,25.8,494,1440.5,0.21,2023-09,371,1230.8,Carlos Sanchez Jover,,,458,1301.9
405,1370.7,,419,1320.7,25.6,462,1467.5,-0.43,2025-07,703,1273.3,Patrick Maloney,,,459,1322.0
464,1359.8,,443,1319.6,26.4,451,1378.0,-0.22,2024-07,571,1286.4,Neil Oberleitner,,,460,1271.8
417,1359.7,,444,1319.3,24.2,447,1488.2,0.06,2025-07,432,1287.9,Olle Wallin,,,461,1311.9
429,1359.3,,445,1318.7,29.0,464,1535.7,0.08,2022-06,425,1273.0,Johan Nikles,,,462,1306.1
438,1344.7,,473,1317.1,37.8,491,1519.5,0.10,2009-02,417,1237.3,Daniel Dutra Da Silva,,,463,1294.5
503,1315.3,,498,1314.0,26.8,424,1328.3,-0.09,2026-06,507,1320.4,Karl Poling,,,464,1216.5
448,1406.6,,351,1313.2,24.4,446,1587.2,0.39,2024-02,316,1289.5,Blaise Bicknell,,,465,1287.4
460,1328.7,,488,1313.2,26.9,458,1374.1,-0.06,2025-11,493,1276.1,Dan Martin,,,466,1274.7
468,1355.3,,447,1310.7,17.1,444,1349.3,-0.27,2026-02,612,1292.5,Cruz Hewitt,,,467,1265.3
459,1353.2,,454,1309.8,29.5,448,1601.5,-0.19,2019-09,567,1287.8,Maxime Janvier,,,468,1275.1
469,1354.4,,450,1308.8,26.2,457,1406.7,-0.24,2023-10,595,1279.6,Tsung Hao Huang,,,469,1264.4
490,1354.1,,451,1308.2,30.4,445,1590.8,0.11,2023-10,423,1292.4,Lucas Poullain,,,470,1241.0
470,1353.9,,452,1307.8,23.1,443,1352.0,-0.23,2026-06,594,1292.9,Arda Azkara,,,471,1263.9
491,1316.2,,497,1305.7,29.3,454,1498.8,-0.12,2019-02,530,1281.1,Sasi Kumar Mukund,,,472,1241.0
463,1247.6,,525,1302.7,30.7,411,1640.8,-0.05,2022-11,497,1328.1,Jelle Sels,,,473,1272.8
398,1351.3,,457,1302.5,27.6,490,1322.5,0.05,2026-05,452,1237.3,Ivan Marrero Curbelo,,,474,1327.8
493,1350.9,,458,1301.7,19.8,460,1423.0,-0.16,2025-08,559,1274.9,Kaylan Bigun,,,475,1239.8
488,1242.5,,526,1295.9,28.9,466,1669.1,-0.11,2017-02,532,1271.9,Omar Jasika,,,476,1244.9
452,1347.2,,463,1294.5,23.5,483,1402.2,-0.01,2023-11,484,1251.7,Svyatoslav Gulin,,,477,1283.7
478,1347.2,,464,1294.4,26.6,449,1479.9,0.04,2025-05,457,1287.2,Robert Strombachs,,,478,1255.8
450,1347.2,,465,1294.4,22.5,499,1397.2,0.21,2026-02,390,1222.2,Gabriele Piraino,,,479,1285.1
477,1346.5,,467,1292.9,24.6,468,1413.1,0.09,2025-11,438,1271.2,Carl Emil Overbeck,,,480,1256.5
465,1346.4,,468,1292.8,20.9,474,1390.8,0,2026-03,479,1262.1,Alejo Sanchez Quilez,,,481,1268.3
443,1346.2,,469,1292.5,20.6,493,1451.2,,2025-09,,1234.1,Carlo Alberto Caniato,,,482,1291.0
480,1345.6,,471,1291.2,26.9,471,1315.8,0.06,2026-04,455,1269.3,Juan Alejandro Hernandez Serrano,,,483,1254.4
455,1345.5,,472,1291.1,31.3,502,1454.7,0.20,2022-05,397,1208.9,Gonzalo Villanueva,,,484,1277.8
370,1392.7,,371,1285.4,25.2,476,1424.3,0.24,2019-04,380,1259.8,Kasidit Samrej,,,485,1356.9
436,1342.5,,475,1285.0,19.4,509,1426.9,-0.54,2025-06,838,1195.0,Pierluigi Basile,,,486,1295.8
454,1305.3,,503,1282.1,24.6,484,1300.1,-0.07,2025-09,523,1249.6,Taha Baadi,,,487,1279.8
467,1340.5,,477,1281.1,32.9,480,1495.6,-0.02,2019-05,496,1254.4,Pedro Sakamoto,,,488,1266.3
501,1339.8,,478,1279.6,26.7,455,1429.0,0.11,2025-07,440,1280.9,Adria Soriano Barrera,,,489,1225.5
484,1338.3,,481,1276.7,23.3,489,1365.6,0.55,2026-03,283,1240.6,Michele Ribecai,,,490,1251.0
494,1337.1,,482,1274.1,24.8,459,1381.1,-0.28,2025-07,652,1275.1,Alan Magadan,,,491,1237.7
472,1334.0,,483,1268.0,28.6,485,1451.5,-0.30,2018-01,662,1243.5,Yusuke Takahashi,,,492,1262.6
397,1383.7,,392,1267.4,24.6,479,1576.3,-0.02,2025-02,505,1254.6,Aristotelis Thanos,,,493,1328.2
522,1333.2,,486,1266.5,29.8,481,1411.8,0.04,2023-04,475,1254.0,Christian Langmo,,,494,1140.8
489,1332.6,,487,1265.1,29.0,486,1314.1,0.09,2025-08,453,1242.2,San Hui Sin,,,495,1242.6
482,1304.1,,505,1262.7,24.3,498,1454.0,-0.11,2025-04,551,1226.1,Max Wiskandt,,,496,1253.1
445,1376.7,,404,1253.3,21.9,488,1587.4,0.12,2022-09,441,1241.0,Bor Artnak,,,497,1290.2
486,1322.3,,491,1244.5,25.2,521,1422.1,0.09,2024-11,454,1146.2,Mateus Alves,,,498,1246.9
508,1319.8,,492,1239.5,20.1,492,1290.3,-0.53,2026-03,849,1236.3,Naoya Honda,,,499,1203.1
502,1317.8,,494,1235.7,,495,1301.9,0.19,2025-10,412,1230.1,Carlos Maria Zarate,,,500,1223.1
499,1317.6,,495,1235.3,26.6,511,1362.4,0.09,2024-04,459,1193.8,Lorenzo Joaquin Rodriguez,,,501,1226.2
500,1317.6,,496,1235.2,20.3,496,1524.6,-0.19,2025-07,610,1227.9,Aryan Shah,,,502,1226.1
483,1280.6,,518,1233.6,32.3,501,1570.6,0.02,2014-04,492,1210.8,Filip Peliwo,,,503,1251.5
495,1361.9,,436,1223.7,21.1,461,1554.4,,2023-09,,1273.6,Joaquin  Aguilar Cardozo,,,504,1233.4
518,1311.8,,499,1223.7,28.0,507,1380.8,0.25,2018-05,393,1196.6,Renta Tokuda,,,505,1173.1
520,1290.3,,515,1222.7,29.2,508,1281.3,0.27,2025-11,388,1195.6,Vadym Ursu,,,506,1167.6
525,1288.2,,517,1220.3,24.7,482,1466.8,-0.24,2025-05,644,1251.8,Saba Purtseladze,,,507,1110.1
506,1308.6,,501,1217.2,34.2,506,1319.2,-0.13,2017-09,577,1199.5,Juan Sebastian Gomez,,,508,1206.8
512,1307.0,,502,1214.0,25.6,504,1441.5,0.03,2023-07,495,1201.3,Dominik Palan,,,509,1195.2
504,1305.3,,504,1210.6,26.7,514,1416.7,0.24,2024-12,402,1179.6,Moerani Bouzige,,,510,1215.3
505,1302.9,,506,1205.7,23.3,515,1428.8,-0.11,2024-11,569,1176.3,Kokoro Isomura,,,511,1212.9
509,1300.7,,507,1201.5,21.7,516,1394.0,0.13,2025-10,450,1173.9,Joao Eduardo Schiessl,,,512,1203.0
511,1299.6,,508,1199.3,26.2,513,1297.0,0.26,2026-01,394,1182.7,Andrew Fenty,,,513,1197.8
513,1299.2,,509,1198.4,30.1,519,1312.1,-0.30,2025-06,691,1170.6,Mariano Kestelboim,,,514,1189.0
515,1296.2,,510,1192.4,25.9,512,1327.3,0.03,2026-03,499,1185.4,Paulo Andre Saraiva Dos Santos,,,515,1181.2
507,1296.0,,511,1192.0,21.7,518,1291.1,-0.07,2024-09,552,1173.6,Mitsuki Wei Kang Leong,,,516,1206.0
516,1264.8,,523,1184.9,29.3,520,1285.6,0.37,2026-02,356,1170.5,Luca Castelnuovo,,,517,1176.2
510,1291.9,,512,1183.8,21.9,522,1406.9,0.46,2025-08,326,1144.8,Tiago Pereira,,,518,1202.6
517,1291.6,,513,1183.3,21.8,503,1363.7,-0.15,2026-02,604,1201.6,Bruno Fernandez,,,519,1174.4
514,1290.4,,514,1180.8,29.0,517,1234.9,-0.13,2026-05,593,1173.8,Ryan Dickerson,,,520,1186.9
519,1290.1,,516,1180.3,20.7,505,1221.6,0.30,2026-06,386,1200.1,Juan Estevez,,,521,1172.7
521,1280.2,,519,1160.3,20.2,523,1325.2,0.09,2023-08,477,1123.3,Lorenzo Carboni,,,522,1165.5
526,1274.1,,520,1148.1,19.8,510,1302.8,0.02,2025-11,512,1194.0,Tomasz Berkieta,,,523,1109.8
498,1267.0,,521,1133.9,22.9,525,1339.8,0.07,2025-02,487,1090.4,Karan Singh,,,524,1227.7
523,1266.5,,522,1133.1,23.9,524,1251.0,-0.04,2025-08,544,1120.2,Sebastian Gima,,,525,1139.2
524,1251.5,,524,1103.0,28.9,526,1252.3,0.24,2025-11,413,1088.3,Jake Delaney,,,526,1131.7
