cElo Rank,gElo,col11,gElo Rank,Elo,Age,hElo Rank,Peak Elo,Log diff,Peak Month,hElo,Player,col14,WTA Rank,col4,Elo Rank,cElo
1,1991.6,,1,2229.8,28.0,1,2271.7,0,2026-04,2206.2,Aryna Sabalenka,,1,,1,2108.1
5,1902.3,,3,2139.4,26.9,2,2199.5,0,2026-04,2118.5,Elena Rybakina,,2,,2,2010.1
2,1827.3,,7,2097.8,19.0,8,2159.2,-0.51,2025-03,2005.8,Mirra Andreeva,,5,,3,2046.3
3,1851.1,,5,2090.7,22.1,4,2155.7,-0.56,2024-01,2044.4,Coco Gauff,,7,,4,2028.1
8,1873.2,,4,2086.2,32.2,3,2116.1,0.22,2026-04,2052.8,Jessica Pegula,,4,,5,1936.2
4,1935.8,,2,2080.1,24.9,5,2291.0,0.69,2024-07,2029.9,Iga Swiatek,,3,,6,2016.2
6,1837.1,,6,2071.7,31.6,9,2120.6,-0.13,2018-05,1998.3,Elina Svitolina,,8,,7,1995.4
7,1737.4,,27,2056.7,23.9,10,2067.8,-0.41,2026-05,1967.5,Marta Kostyuk,,12,,8,1992.1
10,1773.2,,15,2053.1,29.7,6,2096.5,-0.11,2026-04,2027.6,Karolina Muchova,,10,,9,1886.0
15,1706.9,,39,2006.4,19.7,7,2093.8,0.11,2026-03,2006.5,Victoria Mboko,,9,,10,1856.3
17,1790.9,,11,1989.0,29.2,11,2100.0,0,2015-09,1952.3,Belinda Bencic,,11,,11,1848.5
12,1741.1,,26,1972.4,28.6,13,2193.3,-0.22,2021-03,1913.9,Naomi Osaka,,15,,12,1878.6
11,1776.7,,13,1957.0,31.2,14,2090.1,-0.77,2016-08,1905.0,Madison Keys,,28,,13,1878.8
16,1688.7,,45,1956.6,36.1,12,1972.4,-0.25,2026-05,1914.5,Sorana Cirstea,,18,,14,1855.8
24,1775.9,,14,1947.5,21.5,15,1981.7,0.14,2026-04,1898.3,Linda Noskova,,13,,15,1797.7
14,1758.8,,19,1929.9,22.1,19,1976.1,0,2024-08,1852.2,Diana Shnaider,,16,,16,1860.3
13,1770.3,,16,1921.7,30.3,16,2058.1,0.19,2025-10,1880.8,Jasmine Paolini,,14,,17,1864.5
21,1741.7,,24,1921.5,27.4,18,1948.6,-0.11,2024-04,1869.8,Anna Kalinskaya,,20,,18,1811.6
9,1702.7,,41,1918.7,25.1,28,1944.4,-0.31,2026-05,1811.2,Anastasia Potapova,,26,,19,1888.7
40,1768.0,,17,1913.6,24.7,17,2086.9,1.20,2025-11,1879.6,Amanda Anisimova,,6,,20,1751.3
31,1791.1,,10,1907.1,26.5,25,2062.5,-0.85,2023-08,1825.8,Marketa Vondrousova,,49,,21,1773.1
26,1797.8,,9,1905.7,18.5,21,1951.1,0.26,2026-02,1847.4,Iva Jovic,,17,,22,1792.8
20,1753.0,,22,1898.2,30.5,20,2042.7,-0.04,2021-04,1849.8,Elise Mertens,,24,,23,1813.1
53,1802.3,,8,1888.6,30.4,24,2054.4,-0.49,2021-08,1827.0,Barbora Krejcikova,,39,,24,1725.5
125,1731.6,,30,1874.0,24.3,23,1879.9,-1.20,2026-03,1832.6,Sonay Kartal,,83,,25,1602.3
18,1756.0,,20,1870.9,34.2,27,2089.1,-1.21,2020-01,1811.6,Karolina Pliskova,,87,,26,1818.2
89,1782.7,,12,1868.3,21.0,26,1881.7,-0.26,2026-06,1819.3,Alexandra Eala,,35,,27,1663.7
19,1604.8,,87,1865.5,23.6,22,2098.3,-1.74,2024-11,1838.5,Qinwen Zheng,,160,,28,1818.0
23,1765.1,,18,1851.5,28.9,35,2029.5,-0.27,2017-10,1792.6,Jelena Ostapenko,,38,,29,1806.6
55,1734.1,,29,1845.2,30.0,30,1950.5,-0.13,2017-01,1806.5,Katerina Siniakova,,34,,30,1721.7
33,1631.6,,72,1843.9,24.5,40,1860.4,0.03,2026-05,1780.5,Hailey Baptiste,,30,,31,1770.5
30,1640.6,,61,1843.6,19.2,29,1939.6,-0.68,2026-02,1809.5,Tereza Valentova,,63,,32,1776.0
65,1755.0,,21,1843.3,29.8,33,1894.3,-0.53,2024-03,1801.0,Katie Boulter,,56,,33,1701.5
22,1652.5,,57,1838.4,29.2,55,1890.8,-0.74,2022-06,1748.7,Anhelina Kalinina,,71,,34,1811.4
35,1709.5,,37,1836.4,28.4,38,1981.1,-1.16,2023-05,1785.9,Veronika Kudermetova,,112,,35,1764.7
49,1627.5,,74,1836.2,30.1,32,1850.4,-0.81,2026-05,1801.3,Taylor Townsend,,81,,36,1736.5
52,1742.6,,23,1834.0,23.5,45,1998.0,0.18,2021-08,1772.9,Emma Raducanu,,31,,37,1726.8
45,1528.7,,143,1833.9,28.0,31,1855.2,-0.05,2026-05,1803.1,Jaqueline Cristian,,40,,38,1746.1
34,1669.4,,51,1831.4,34.3,43,1866.6,-0.21,2023-02,1779.6,Magda Linette,,48,,39,1765.3
29,1664.4,,54,1829.9,27.8,44,1958.3,0.39,2022-10,1777.9,Marie Bouzkova,,27,,40,1778.4
32,1727.3,,31,1823.5,25.0,57,2002.7,0.49,2024-08,1742.2,Emma Navarro,,25,,41,1772.9
47,1635.5,,68,1822.7,24.4,37,1852.0,-0.51,2023-06,1788.2,Camila Osorio,,70,,42,1738.6
36,1562.4,,116,1820.8,24.6,50,1925.1,-0.40,2025-05,1763.4,Peyton Stearns,,64,,43,1764.3
44,1667.5,,52,1820.4,31.3,49,1933.4,-0.66,2025-01,1766.1,Yulia Putintseva,,85,,44,1748.0
27,1593.5,,96,1820.2,24.6,66,1825.3,0.76,2026-05,1729.0,Maja Chwalinska,,21,,45,1786.0
37,1651.1,,58,1820.0,30.8,34,2067.5,0.12,2022-03,1800.2,Maria Sakkari,,41,,46,1758.2
43,1718.5,,33,1819.8,24.5,65,1836.8,-0.14,2026-06,1732.5,Caty Mcnally,,54,,47,1748.0
57,1702.0,,42,1819.7,25.3,42,1858.1,0.04,2026-04,1780.1,Elisabetta Cocciaretto,,46,,48,1720.0
61,1670.4,,50,1819.5,23.7,36,1977.3,0.80,2022-03,1791.7,Leylah Fernandez,,22,,49,1709.0
25,1639.9,,62,1819.1,25.0,59,1883.7,-1.39,2025-05,1739.8,Olga Danilovic,,201,,50,1796.1
28,1704.1,,40,1819.0,29.0,47,2036.5,-0.30,2018-03,1769.0,Daria Kasatkina,,69,,51,1781.4
42,1577.9,,104,1816.9,25.9,53,1894.4,0.58,2021-03,1750.9,Ann Li,,29,,52,1748.4
38,1741.3,,25,1815.4,29.9,60,1947.0,0.47,2019-08,1739.7,Donna Vekic,,33,,53,1757.8
56,1726.4,,32,1813.9,31.5,39,1977.2,1.04,2020-02,1784.5,Ekaterina Alexandrova,,19,,54,1721.4
39,1564.3,,115,1810.1,25.3,148,1825.0,0.08,2026-05,1590.4,Oleksandra Oliynykova,,51,,55,1751.4
66,1641.3,,60,1809.9,25.6,51,1840.6,-0.25,2026-02,1763.2,Varvara Gracheva,,72,,56,1701.4
48,1684.7,,46,1804.3,26.0,61,1978.4,0.13,2019-02,1739.2,Dayana Yastremska,,50,,57,1737.2
83,1694.3,,44,1799.6,26.9,41,1933.3,0.28,2025-03,1780.4,Mccartney Kessler,,44,,58,1669.2
74,1619.9,,77,1796.7,24.3,46,1896.2,-0.30,2025-10,1772.4,Eva Lys,,80,,59,1684.8
73,1634.6,,70,1789.0,23.4,48,1949.0,0.96,2025-07,1768.7,Clara Tauson,,23,,60,1686.4
60,1694.5,,43,1788.2,28.5,69,1845.7,-0.54,2022-02,1723.5,Elena Gabriela Ruse,,105,,61,1713.3
50,1714.5,,34,1781.3,26.8,87,1817.5,-0.82,2023-04,1697.5,Rebeka Masarova,,141,,62,1733.3
101,1710.8,,35,1779.1,22.0,73,1896.7,-0.41,2025-02,1717.5,Ashlyn Krueger,,95,,63,1644.2
68,1663.8,,55,1779.0,38.2,72,1917.6,0.42,2016-08,1718.5,Laura Siegemund,,42,,64,1696.9
51,1602.2,,90,1776.8,26.2,92,1834.9,0.10,2024-10,1677.2,Yuliia Starodubtseva,,59,,65,1728.0
72,1678.7,,47,1774.6,34.8,58,2058.1,-0.54,2011-05,1741.6,Anastasia Pavlyuchenkova,,113,,66,1692.1
46,1617.5,,79,1774.3,21.9,111,1788.8,0.14,2026-06,1652.9,Solana Sierra,,58,,67,1743.9
111,1639.9,,63,1772.7,24.1,64,1787.8,-0.10,2026-06,1734.0,Daria Snigur,,75,,68,1620.2
58,1710.8,,36,1771.7,27.5,70,1984.3,0.62,2023-10,1721.3,Liudmila Samsonova,,37,,69,1716.4
54,1491.1,,170,1771.6,20.3,56,1860.5,0.40,2026-02,1746.4,Sara Bejlek,,47,,70,1721.8
94,1647.0,,59,1771.3,24.1,74,1784.0,0.15,2026-06,1715.7,Zeynep Sonmez,,61,,71,1654.7
62,1606.0,,86,1768.1,24.4,67,1828.5,-0.35,2024-06,1726.8,Katie Volynets,,102,,72,1706.2
41,1512.9,,151,1764.5,28.9,98,1786.6,-0.01,2022-05,1669.1,Anna Bondar,,74,,73,1748.8
79,1614.2,,81,1758.9,28.5,62,2078.1,-0.65,2022-01,1737.4,Paula Badosa,,142,,74,1674.0
173,1597.2,,93,1752.6,28.1,54,1829.9,0.03,2026-03,1750.9,Kimberly Birrell,,73,,75,1535.6
67,1571.6,,109,1748.9,25.1,77,1803.0,-0.28,2024-02,1712.0,Xiyu Wang,,101,,76,1700.8
109,1708.8,,38,1747.6,24.6,80,1853.9,0.88,2025-08,1709.4,Xin Yu Wang,,32,,77,1627.1
117,1736.2,,28,1747.4,21.7,110,1779.9,-0.91,2024-07,1653.7,Robin Montgomery,,194,,78,1616.7
110,1609.2,,83,1747.3,23.3,71,1797.5,0.33,2026-03,1721.2,Antonia Ruzic,,57,,79,1625.0
129,1636.7,,67,1743.4,24.3,76,1770.4,-0.12,2026-03,1714.4,Anastasia Zakharova,,90,,80,1595.8
90,1628.1,,73,1740.9,32.2,82,1944.3,-0.40,2019-01,1704.4,Aliaksandra Sasnovich,,121,,81,1662.0
91,1608.5,,84,1740.1,20.2,88,1773.9,0.28,2026-06,1695.5,Nikola Bartunkova,,62,,82,1661.9
95,1573.9,,108,1738.2,28.4,81,1846.4,0.61,2024-10,1706.7,Magdalena Frech,,45,,83,1654.2
99,1611.7,,82,1736.0,33.6,84,1836.2,0.10,2021-07,1700.6,Viktorija Golubic,,76,,84,1647.7
145,1597.4,,92,1735.6,21.9,75,1788.7,-0.09,2026-03,1715.0,Lanlana Tararudee,,93,,85,1572.1
76,1541.1,,132,1732.3,20.3,116,1752.4,-0.22,2026-06,1642.2,Kaitlin Quevedo,,107,,86,1682.2
70,1499.4,,162,1727.9,23.0,167,1855.3,-0.57,2025-07,1568.3,Lois Boisson,,154,,87,1693.7
59,1460.6,,203,1726.6,22.5,126,1726.6,-0.03,2026-06,1622.9,Maria Timofeeva,,91,,88,1715.7
166,1558.7,,119,1723.0,21.9,52,1862.6,0.30,2026-03,1757.3,Talia Gibson,,66,,89,1548.1
130,1678.4,,48,1722.9,28.8,101,1795.8,-0.78,2020-02,1666.8,Greet Minnen,,197,,90,1593.6
115,1666.6,,53,1722.7,33.0,78,1907.7,-0.05,2022-08,1711.5,Ajla Tomljanovic,,96,,91,1618.5
78,1576.6,,107,1722.3,23.0,115,1770.3,-0.22,2024-12,1643.8,Polina Kudermetova,,115,,92,1677.3
152,1593.6,,95,1721.8,28.3,79,1794.9,0.95,2026-03,1710.0,Cristina Bucsa,,36,,93,1562.6
80,1657.5,,56,1719.6,23.7,118,1763.9,0.45,2024-03,1639.0,Diane Parry,,60,,94,1673.2
98,1602.4,,89,1719.3,25.9,85,2157.5,-0.63,2019-09,1698.9,Bianca Andreescu,,178,,95,1649.2
69,1619.5,,78,1718.5,35.7,103,1998.3,-1.08,2018-10,1664.3,Anastasija Sevastova,,284,,96,1695.0
127,1632.9,,71,1718.1,37.3,89,1873.3,0.37,2018-01,1694.8,Shuai Zhang,,67,,97,1597.8
77,1569.2,,112,1717.1,24.0,139,1735.0,-0.27,2026-06,1603.5,Alina Charaeva,,128,,98,1681.2
64,1674.1,,49,1716.8,25.4,113,1825.6,-0.28,2022-05,1647.5,Kaja Juvan,,131,,99,1703.8
165,1504.9,,158,1716.0,18.9,68,1802.5,0.03,2024-10,1724.8,Alina Korneeva,,97,,100,1548.5
86,1601.6,,91,1714.5,27.5,99,2057.0,-0.03,2020-02,1668.7,Sofia Kenin,,104,,101,1665.4
81,1544.1,,129,1714.0,24.1,122,1735.7,0.10,2026-05,1633.7,Sinja Kraus,,92,,102,1673.2
63,1529.9,,142,1709.8,18.2,179,1739.9,-0.36,2026-06,1555.0,Laura Samson,,147,,103,1704.9
124,1528.6,,144,1707.2,18.2,86,1845.8,0.21,2026-04,1698.9,Lilli Tagger,,84,,104,1603.5
156,1592.9,,97,1706.7,21.3,95,1794.3,-0.29,2024-02,1672.1,Marina Stakusic,,140,,105,1558.8
118,1620.2,,76,1706.6,24.7,91,1753.6,0.49,2025-08,1677.8,Kamilla Rakhimova,,65,,106,1616.1
126,1538.2,,135,1706.5,17.6,120,1739.1,-0.86,2026-02,1636.3,Mia Pohankova,,253,,107,1600.2
148,1560.9,,117,1704.2,22.0,63,1801.0,0.10,2026-04,1737.3,Hanne Vandewinkel,,98,,108,1565.7
171,1539.9,,133,1703.6,31.4,93,1853.2,-1.17,2019-03,1673.0,Yafan Wang,,350,,109,1538.6
75,1452.3,,210,1703.6,20.4,133,1759.7,0.75,2026-01,1618.4,Petra Marcinko,,52,,110,1684.6
113,1637.2,,66,1703.0,41.6,96,2185.6,-1.01,2009-03,1671.7,Vera Zvonareva,,305,,111,1618.9
84,1606.1,,85,1702.7,23.7,109,1857.3,0.71,2025-08,1654.5,Jessica Bouzas Maneiro,,55,,112,1667.8
162,1592.4,,98,1697.1,23.9,105,1775.4,-0.37,2025-02,1657.6,Mananchaya Sawangkaew,,164,,113,1551.4
137,1577.1,,106,1694.3,24.0,83,1897.7,0.97,2025-10,1702.5,Janice Tjen,,43,,114,1578.5
85,1588.0,,100,1694.2,23.7,117,1835.3,-0.63,2024-08,1639.9,Elina Avanesyan,,215,,115,1666.7
93,1459.9,,204,1692.4,28.8,123,1922.9,-0.11,2022-05,1633.3,Jil Teichmann,,130,,116,1655.5
88,1615.5,,80,1691.4,27.8,137,1748.0,0.03,2025-10,1607.2,Dalma Galfi,,114,,117,1664.2
168,1520.2,,148,1690.4,18.5,90,1787.2,-0.37,2026-04,1693.2,Jeline Vandromme,,171,,118,1545.5
108,1638.3,,64,1689.5,20.1,94,1889.3,0.81,2025-09,1672.6,Maya Joint,,53,,119,1627.2
131,1558.2,,120,1688.9,22.6,102,1730.1,-0.35,2025-02,1666.4,Tatiana Prozorova,,170,,120,1592.5
163,1584.8,,102,1688.8,31.8,97,1792.2,-0.41,2024-03,1671.7,Storm Hunter,,183,,121,1549.6
87,1463.9,,199,1685.6,31.0,136,1717.5,0.45,2022-10,1609.2,Tamara Korpatsch,,78,,122,1664.3
105,1528.0,,145,1684.9,23.3,100,1787.8,0.32,2026-02,1667.7,Oksana Selekhmeteva,,89,,123,1633.3
134,1538.0,,136,1684.6,25.4,106,1824.7,0.45,2023-01,1657.3,Alycia Parks,,79,,124,1584.6
128,1603.8,,88,1684.3,27.7,112,1830.2,0.16,2019-10,1649.0,Anna Blinkova,,106,,125,1597.0
92,1486.8,,174,1682.0,25.4,135,1744.4,0.36,2025-10,1612.1,Simona Waltert,,88,,126,1660.9
107,1580.3,,103,1682.0,27.6,160,1704.6,0.62,2023-01,1577.2,Panna Udvardy,,68,,127,1629.2
119,1515.7,,149,1681.3,16.3,144,1681.3,-0.60,2026-06,1592.4,Kristina Liutova,,234,,128,1615.2
103,1476.8,,188,1680.5,24.7,124,1822.8,0.17,2025-04,1633.2,Moyuka Uchijima,,109,,129,1639.3
205,1634.8,,69,1677.0,20.9,107,1713.2,-0.40,2023-09,1655.8,Celine Naef,,193,,130,1498.5
114,1485.3,,175,1672.6,27.5,119,1757.6,-0.44,2025-07,1637.5,Caroline Dolehide,,203,,131,1618.7
120,1487.8,,173,1672.0,29.2,125,1864.6,-0.37,2021-03,1629.0,Fiona Ferro,,192,,132,1614.4
100,1510.6,,155,1671.2,18.2,190,1700.4,-0.19,2026-06,1543.9,Tyra Caterina Grant,,161,,133,1647.6
247,1511.1,,153,1671.1,17.9,104,1760.8,-0.01,2026-03,1663.9,Emerson Jones,,136,,134,1449.6
244,1536.6,,138,1668.1,32.3,114,1808.9,-0.01,2023-09,1643.9,Lin Zhu,,137,,135,1452.1
82,1546.6,,125,1667.8,33.5,226,1667.8,0.13,2026-06,1490.9,Katarzyna Kawa,,120,,136,1669.5
96,1537.0,,137,1663.9,29.6,149,1900.8,-0.60,2021-08,1590.3,Sara Sorribes Tormo,,249,,137,1651.9
97,1484.9,,176,1663.4,28.4,154,1857.1,0.04,2019-06,1585.4,Tamara Zidansek,,133,,138,1650.5
104,1577.8,,105,1660.0,33.1,132,2028.2,-0.82,2017-08,1618.6,Sloane Stephens,,315,,139,1637.2
102,1550.5,,124,1659.5,23.7,166,1736.4,0.31,2025-10,1570.9,Darja Semenistaja,,103,,140,1642.1
144,1587.8,,101,1659.1,45.8,131,2458.5,-1.19,2002-08,1619.2,Venus Williams,,462,,141,1572.9
135,1539.8,,134,1655.3,28.6,121,1763.5,0.61,2026-01,1634.9,Renata Zarazua,,77,,142,1582.1
178,1597.2,,94,1654.4,23.0,169,1674.8,0.08,2026-06,1565.9,Mary Stoiana,,132,,143,1522.5
112,1500.7,,161,1653.2,30.8,151,1696.6,0.11,2026-05,1587.8,Leolia Jeanjean,,129,,144,1619.9
161,1469.1,,193,1649.3,19.4,174,1692.4,0,2026-05,1563.8,Veronika Podrez,,145,,145,1551.7
146,1510.7,,154,1647.5,27.7,129,1869.7,0.17,2024-04,1619.7,Yue Yuan,,123,,146,1571.7
71,1514.3,,150,1643.2,20.9,184,1785.1,-1.27,2025-01,1550.5,Anca Alexia Todoni,,526,,147,1692.2
158,1637.3,,65,1643.1,38.8,159,1804.5,0.24,2009-08,1578.7,Tatjana Maria,,117,,148,1555.7
132,1499.3,,163,1639.8,26.0,128,1814.6,0.02,2022-05,1620.3,Claire Liu,,146,,149,1586.5
227,1550.6,,123,1639.5,25.1,108,1831.6,0.31,2024-08,1655.6,Lulu Sun,,110,,150,1478.6
106,1462.2,,202,1637.2,25.7,150,1798.6,0.42,2025-09,1590.2,Francesca Jones,,99,,151,1629.7
150,1541.9,,131,1634.4,29.6,130,1821.7,0.22,2024-11,1619.4,Rebecca Sramkova,,122,,152,1564.6
174,1544.2,,128,1634.0,21.3,127,1809.9,0.49,2025-10,1622.9,Ella Seidel,,94,,153,1535.6
116,1468.5,,195,1632.4,31.5,199,1666.1,0.02,2026-06,1532.2,Andrea Lazaro Garcia,,151,,154,1618.5
121,1560.2,,118,1631.9,26.4,200,1722.2,0.59,2025-09,1525.2,Veronika Erjavec,,86,,155,1611.9
139,1531.8,,141,1629.6,31.2,152,1752.1,-0.07,2024-06,1587.7,Viktoriya Tomova,,167,,156,1575.8
164,1436.1,,230,1629.0,22.5,147,1668.1,0.03,2023-08,1590.6,Noma Noha Akugue,,153,,157,1548.7
122,1590.6,,99,1628.8,30.0,142,1945.0,0.31,2022-08,1595.8,Beatriz Haddad Maia,,116,,158,1607.5
208,1570.6,,111,1625.6,34.7,146,1833.6,-0.88,2010-11,1590.9,Rebecca Marino,,383,,159,1493.4
280,1627.2,,75,1624.3,22.4,162,1750.9,0.03,2025-10,1576.3,Polina Iatcenko,,155,,160,1411.5
183,1554.7,,121,1624.1,23.4,138,1694.3,0.40,2026-03,1605.0,Darja Vidmanova,,108,,161,1517.3
123,1409.4,,280,1623.5,29.9,225,1695.8,0.32,2026-01,1491.6,Julia Grabher,,118,,162,1603.7
255,1545.1,,127,1620.2,29.8,145,1727.2,0.07,2022-06,1592.0,Harriet Dart,,152,,163,1444.3
167,1543.8,,130,1619.2,23.0,155,1766.8,0.69,2025-09,1585.4,Elsa Jacquemot,,82,,164,1546.7
160,1457.9,,206,1617.3,21.9,134,1685.2,0.33,2025-07,1614.1,Dominika Salkova,,119,,165,1552.5
153,1482.6,,177,1612.0,20.8,156,1709.5,0.40,2025-09,1585.2,Victoria Jimenez Kasintseva,,111,,166,1561.1
149,1426.8,,248,1608.4,26.6,157,1756.9,0.18,2016-10,1582.9,Kayla Day,,139,,167,1565.1
133,1459.3,,205,1608.2,30.0,245,1863.6,0.28,2023-06,1466.3,Mayar Sherif,,127,,168,1585.6
312,1533.8,,140,1607.9,18.4,140,1657.9,-0.19,2026-06,1602.3,Vendula Valdmannova,,204,,169,1371.6
136,1536.6,,139,1606.1,22.9,177,1723.0,0.23,2026-04,1558.5,Lisa Pigato,,135,,170,1579.4
138,1477.9,,186,1605.8,17.7,251,1636.4,-0.58,2026-04,1456.6,Alisa Oktiabreva,,306,,171,1577.0
222,1443.8,,218,1605.2,24.8,143,1709.1,0.32,2026-03,1595.7,Himeno Sakatsume,,125,,172,1480.3
170,1436.5,,229,1603.0,25.4,170,1698.2,0.55,2025-02,1565.6,Emiliana Arango,,100,,173,1542.6
211,1474.8,,189,1601.5,28.0,158,1722.2,0.16,2025-09,1581.6,Priscilla Hon,,149,,174,1488.8
147,1446.2,,214,1601.4,24.1,205,1656.1,0.20,2024-06,1519.0,Leyre Romero Gormaz,,143,,175,1571.3
250,1492.4,,169,1598.0,28.3,176,1649.6,0.17,2026-01,1562.2,Maddison Inglis,,148,,176,1447.6
224,1564.9,,114,1596.6,31.6,161,1811.8,-0.39,2022-03,1576.5,Tereza Martincova,,262,,177,1479.8
140,1434.3,,232,1595.9,27.2,216,1617.3,-0.01,2026-05,1506.8,Guiomar Maristany Zuleta De Reales,,179,,178,1575.4
237,1511.9,,152,1593.6,21.1,141,1764.1,0.10,2023-03,1602.0,Linda Fruhvirtova,,162,,179,1461.2
154,1571.3,,110,1593.6,25.3,211,1675.2,-0.86,2025-09,1511.9,Carson Branstine,,425,,180,1559.2
142,1471.2,,190,1593.5,27.4,196,1777.9,0.36,2025-03,1536.4,Lucia Bronzetti,,126,,181,1573.7
215,1423.7,,253,1593.0,21.9,165,1720.6,0.09,2026-01,1573.0,Linda Klimovicova,,166,,182,1485.3
159,1497.1,,166,1592.2,19.3,261,1617.8,0.04,2026-04,1448.5,Akasha Urhobo,,176,,183,1555.3
214,1481.5,,180,1591.2,28.0,163,1647.8,0.16,2026-03,1575.1,Hanyu Guo,,157,,184,1485.7
305,1470.5,,192,1591.1,24.0,185,1639.5,-0.11,2026-02,1550.0,Fiona Crawley,,206,,185,1381.8
286,1457.4,,207,1590.5,20.6,153,1747.0,0.41,2024-03,1585.8,Taylah Preston,,124,,186,1400.6
143,1522.8,,146,1589.6,35.3,202,1894.8,-0.16,2011-07,1524.1,Polona Hercog,,220,,187,1573.5
180,1428.6,,245,1587.2,22.8,186,1616.7,0.31,2026-04,1548.8,Elvina Kalieva,,138,,188,1521.4
169,1468.9,,194,1586.7,40.0,175,1891.7,0.08,2015-01,1562.8,Varvara Lepchenko,,175,,189,1543.2
254,1545.2,,126,1584.2,23.4,171,1740.2,-0.31,2024-01,1565.1,Zhuoxuan Bai,,260,,190,1444.4
184,1477.6,,187,1584.1,26.9,182,1795.2,0.35,2025-04,1553.5,Suzan Lamens,,134,,191,1517.0
230,1553.5,,122,1582.3,25.1,192,1602.3,-0.18,2026-06,1539.2,Martyna Kubka,,230,,192,1471.7
157,1496.4,,168,1579.7,29.0,203,1755.5,-0.75,2017-10,1522.8,Jana Fett,,409,,193,1556.2
271,1567.1,,113,1579.0,28.7,189,1709.7,-0.04,2022-08,1544.2,Harmony Tan,,202,,194,1424.2
334,1463.5,,200,1577.0,19.5,172,1635.3,-0.13,2026-05,1564.5,Hayu Kinoshita,,222,,195,1351.1
141,1481.9,,179,1576.5,29.6,217,1622.0,0.04,2024-06,1506.5,Jessika Ponchet,,189,,196,1574.2
155,1489.1,,172,1575.4,36.1,193,1853.0,-0.18,2016-03,1539.1,Madison Brengle,,236,,197,1559.0
260,1505.3,,157,1571.5,34.0,187,1912.2,-0.90,2014-06,1547.6,Heather Watson,,485,,198,1441.0
197,1464.8,,198,1571.2,27.8,215,1581.4,0.14,2025-11,1509.4,Susan Bandecchi,,173,,199,1505.8
210,1470.9,,191,1568.8,24.0,191,1767.5,-0.16,2024-10,1539.3,Olivia Gadecki,,235,,200,1489.7
179,1411.2,,277,1566.4,18.2,207,1582.5,-0.66,2025-09,1514.3,Renata Jamrichova,,387,,201,1522.0
199,1385.1,,312,1565.8,24.8,197,1581.5,-0.12,2026-05,1534.9,Anna Siskova,,228,,202,1501.8
201,1480.8,,181,1563.7,31.5,201,1751.2,-0.18,2015-09,1525.0,Nao Hibino,,243,,203,1499.2
151,1510.1,,156,1561.8,21.4,235,1674.4,0.31,2025-10,1479.1,Lola Radivojevic,,150,,204,1563.2
396,1420.3,,258,1560.6,22.0,164,1786.2,-0.08,2024-12,1574.0,Aoi Ito,,223,,205,1303.7
262,1456.1,,208,1560.6,22.1,173,1644.3,-0.08,2024-04,1564.4,Aliona Falei,,224,,206,1440.1
216,1467.9,,196,1560.6,24.8,178,1703.0,0.10,2026-01,1557.9,Joanna Garland,,187,,207,1485.2
209,1424.5,,252,1560.0,21.1,168,1632.1,0.29,2026-04,1566.7,Sofia Costoulas,,156,,208,1490.1
192,1397.1,,299,1559.9,35.9,195,2000.1,0,2012-05,1537.1,Mona Barthel,,210,,209,1511.7
181,1489.7,,171,1558.0,24.4,180,1709.1,0.07,2025-06,1554.2,Carol Young Suh Lee,,196,,210,1518.2
219,1482.6,,178,1557.6,21.2,183,1665.1,0,2026-04,1551.0,Lucie Havlickova,,211,,211,1481.1
172,1462.7,,201,1557.3,26.4,230,1675.3,0.39,2024-01,1485.4,Marina Bassols Ribera,,144,,212,1537.8
177,1385.7,,310,1555.0,28.5,253,1568.7,0.02,2026-06,1455.1,Kajsa Rinaldo Persson,,208,,213,1528.0
279,1498.1,,164,1554.5,27.2,238,1661.3,0.12,2022-10,1477.4,Katie Swan,,190,,214,1412.9
324,1497.0,,167,1553.8,25.5,181,1621.7,-0.22,2019-05,1554.1,En Shuo Liang,,269,,215,1360.8
191,1438.8,,224,1553.5,32.3,218,1842.9,-0.01,2016-05,1506.4,Anna Lena Friedsam,,218,,216,1512.3
198,1443.7,,219,1553.2,21.9,208,1795.0,-0.09,2024-03,1513.6,Erika Andreeva,,238,,217,1504.1
188,1480.3,,183,1552.0,28.9,231,1649.2,0.01,2023-08,1485.2,Iryna Shymanovich,,216,,218,1513.9
257,1479.1,,184,1548.0,26.1,194,1569.7,-0.01,2025-11,1537.2,Francisca Jorge,,221,,219,1443.8
200,1414.0,,270,1547.4,22.4,188,1669.6,0.33,2024-08,1545.9,Anouk Koevermans,,158,,220,1500.6
176,1448.4,,213,1546.8,21.3,304,1564.4,-0.28,2026-06,1400.8,Federica Urgesi,,291,,221,1532.6
223,1521.0,,147,1541.9,25.0,212,1697.6,0.30,2023-07,1510.7,Elizabeth Mandlik,,165,,222,1480.2
186,1437.4,,228,1541.4,23.9,237,1731.2,0.21,2024-05,1477.6,Julia Riera,,180,,223,1515.5
228,1497.4,,165,1538.0,28.0,210,1650.2,0.32,2024-12,1512.7,Lucrezia Stefanini,,163,,224,1473.9
303,1414.6,,268,1534.5,17.4,269,1562.2,-0.16,2026-06,1443.4,Mika Stojsavljevic,,263,,225,1382.3
220,1478.6,,185,1533.1,32.2,204,1856.6,-0.64,2015-02,1521.2,Zarina Diyas,,428,,226,1480.7
256,1441.2,,221,1532.4,23.7,209,1532.4,-0.70,2026-06,1512.8,Savannah Broadus,,456,,227,1444.2
234,1450.3,,211,1531.0,29.5,214,1827.7,-0.71,2016-11,1510.3,Oceane Dodin,,463,,228,1462.2
297,1502.9,,159,1529.7,29.1,241,1597.5,0.14,2024-07,1473.2,Gabriela Andrea Knutson,,200,,229,1387.8
189,1426.6,,250,1529.6,26.2,292,1720.0,-0.09,2019-11,1417.1,Katarina Zavatska,,252,,230,1513.5
196,1439.8,,222,1529.6,22.8,326,1565.9,0.05,2026-05,1379.8,Jennifer Ruggeri,,219,,231,1506.3
195,1411.4,,276,1529.5,24.5,321,1603.7,0.38,2026-05,1384.4,Jazmin Ortenzi,,159,,232,1506.8
261,1439.6,,223,1529.3,24.3,228,1568.4,-0.31,2026-04,1488.3,Amandine Monnot,,317,,233,1440.6
217,1416.3,,265,1527.9,23.9,223,1654.7,0.20,2024-02,1496.9,Julia Avdeeva,,191,,234,1483.6
291,1438.8,,225,1527.5,23.0,206,1527.5,-0.21,2026-06,1516.3,Zongyu Li,,289,,235,1395.1
193,1438.5,,226,1527.0,18.9,213,1685.9,0.27,2025-10,1510.4,Teodora Kostovic,,181,,236,1508.5
202,1438.4,,227,1526.7,26.0,310,1564.3,-0.21,2026-05,1393.9,Lisa Zaar,,292,,237,1498.9
231,1366.5,,341,1525.1,24.1,229,1799.0,0.27,2019-05,1488.2,Whitney Osuigwe,,182,,238,1469.0
187,1377.9,,323,1523.1,24.5,274,1581.6,0.20,2025-11,1436.4,Carole Monnet,,195,,239,1514.7
182,1402.7,,289,1519.7,24.3,258,1642.7,0,2022-09,1450.0,Darya Astakhova,,240,,240,1517.9
194,1413.3,,271,1518.4,35.3,219,1774.5,0.31,2012-07,1506.0,Arantxa Rus,,177,,241,1508.3
190,1385.0,,313,1517.1,25.9,370,1642.1,0.36,2025-10,1332.6,Nuria Brancaccio,,168,,242,1512.8
203,1433.5,,234,1517.0,23.9,270,1536.1,-0.32,2026-06,1442.4,Francesca Curmi,,334,,243,1498.9
414,1432.7,,236,1515.5,21.2,220,1589.0,0.13,2025-10,1497.9,Cadence Brace,,214,,244,1295.3
266,1432.6,,237,1515.2,19.1,198,1661.3,0.07,2026-02,1532.7,Elizara Yaneva,,229,,245,1431.6
175,1363.8,,348,1514.8,20.7,239,1658.2,0.16,2025-04,1476.6,Elena Pridankina,,209,,246,1532.7
319,1432.2,,239,1514.5,20.7,221,1606.7,0.29,2026-04,1497.0,Alexandra Shubladze,,184,,247,1365.5
204,1431.8,,240,1513.6,20.0,348,1610.9,-0.06,2026-04,1355.9,Elena Ruxandra Bertea,,264,,248,1498.9
207,1444.0,,217,1511.5,30.3,247,1708.0,-0.85,2019-04,1465.7,Astra Sharma,,580,,249,1496.0
270,1408.8,,282,1510.7,19.8,232,1690.6,-0.24,2025-08,1484.2,Clervie Ngounoue,,318,,250,1424.8
221,1430.2,,242,1510.4,25.2,344,1539.6,0.02,2026-06,1359.1,Caijsa Wilda Hennemann,,247,,251,1480.4
225,1399.6,,293,1510.2,17.6,299,1568.2,-0.47,2026-04,1405.9,Rada Zolotareva,,402,,252,1479.6
378,1464.9,,197,1509.5,32.5,233,1692.4,-0.81,2023-10,1481.6,Emina Bektas,,567,,253,1314.9
213,1407.7,,283,1509.5,28.4,249,1726.6,-0.20,2019-05,1458.9,Aliona Bolsova,,309,,254,1487.2
236,1382.6,,316,1506.6,28.5,224,1629.1,0,2026-03,1493.7,Xinyu Gao,,256,,255,1461.4
229,1427.9,,247,1505.8,17.1,256,1619.7,-0.38,2025-03,1451.8,Julieta Pareja,,375,,256,1473.3
212,1373.1,,331,1501.7,21.9,252,1696.9,0.01,2022-08,1455.2,Katrina Scott,,255,,257,1488.0
268,1444.6,,216,1501.0,28.0,243,1890.8,0.13,2018-06,1468.6,Viktoria Hruncakova,,227,,258,1426.7
206,1421.3,,256,1500.9,31.0,248,1736.9,-0.98,2018-04,1461.1,Sachia Vickery,,693,,259,1498.4
252,1435.6,,231,1499.1,27.0,227,1644.4,0.20,2022-01,1488.3,Anastasia Gasanova,,212,,260,1446.8
276,1402.1,,290,1498.3,26.6,236,1604.1,-0.06,2026-02,1479.0,Eva Guerrero Alvarez,,276,,261,1415.7
242,1432.6,,238,1494.2,26.5,246,1577.5,0.24,2025-08,1465.8,Eva Vedder,,207,,262,1456.3
285,1383.9,,315,1491.8,25.6,240,1640.5,-0.70,2025-02,1474.5,Destanee Aiava,,531,,263,1403.8
243,1390.3,,305,1488.4,26.7,255,1687.6,0.25,2024-03,1453.5,Mai Hontama,,205,,264,1454.4
327,1418.9,,260,1487.9,22.8,244,1605.5,0.08,2026-03,1467.9,Fangran Tian,,245,,265,1358.9
226,1418.2,,261,1486.5,25.3,354,1553.2,0.16,2026-05,1352.0,Alice Tubello,,226,,266,1478.9
326,1361.9,,351,1486.4,30.0,222,1531.4,0.44,2026-05,1497.0,Xiaodi You,,172,,267,1359.3
317,1417.3,,263,1484.6,21.9,284,1505.7,0.01,2026-04,1424.0,Samira De Stefano,,265,,268,1368.5
338,1433.0,,235,1483.8,27.0,234,1712.3,-0.87,2023-07,1480.6,Jodie Burrage,,640,,269,1348.3
238,1353.1,,372,1483.8,31.8,267,1607.5,0.18,2024-06,1444.6,Laura Pigossi,,225,,270,1461.1
246,1426.7,,249,1481.8,31.8,278,1636.7,0.22,2017-04,1430.8,Lina Gjorcheska,,217,,271,1451.4
407,1397.2,,298,1479.4,28.4,242,1622.4,-0.69,2021-09,1469.3,Mariam Bolkvadze,,540,,272,1300.0
265,1414.2,,269,1478.4,20.4,259,1643.9,0.39,2025-09,1448.7,Tiantsoa Sarah Rakotomanga Rajaonah,,185,,273,1432.5
309,1450.2,,212,1478.0,36.1,250,1643.7,-0.37,2017-07,1457.7,Arina Rodionova,,395,,274,1375.9
282,1413.2,,272,1476.3,21.1,260,1509.6,-0.73,2025-06,1448.6,Alexis Blokhina,,572,,275,1409.4
185,1376.6,,324,1475.7,29.8,295,1812.7,-0.14,2016-10,1410.8,Louisa Chirico,,319,,276,1515.9
232,1412.6,,273,1475.1,24.3,325,1547.8,0.16,2026-04,1380.4,Anastasia Zolotareva,,237,,277,1468.8
241,1411.9,,274,1473.7,19.5,391,1547.9,0.47,2026-05,1317.6,Luisina Giovannini,,174,,278,1457.8
245,1360.8,,353,1473.2,26.2,254,1768.7,0.19,2024-05,1453.9,Maria Lourdes Carle,,231,,279,1451.5
253,1411.5,,275,1473.0,23.6,323,1681.6,-0.19,2022-07,1381.8,Tara Wurth,,337,,280,1446.0
239,1410.9,,278,1471.7,26.4,355,1514.5,-0.35,2025-07,1350.9,Alessandra Mazzola,,397,,281,1460.1
287,1409.5,,279,1469.0,15.9,296,1500.4,-0.67,2026-06,1410.7,Jana Kovackova,,552,,282,1399.6
240,1306.9,,464,1468.7,32.5,257,1803.7,-0.35,2022-05,1450.2,Martina Trevisan,,400,,283,1459.9
259,1409.0,,281,1468.1,20.0,359,1662.1,0.04,2023-11,1348.0,Mia Ristic,,272,,284,1442.3
263,1363.2,,350,1467.2,31.9,283,1631.4,-0.13,2024-08,1425.6,Chloe Paquet,,323,,285,1439.4
295,1422.4,,255,1466.0,35.7,268,1829.9,-0.65,2014-11,1443.7,Vitalia Diatchenko,,547,,286,1390.1
233,1420.8,,257,1463.8,28.1,273,1713.2,-0.26,2024-11,1438.4,Ena Shibahara,,373,,287,1463.2
420,1502.8,,160,1462.8,25.2,281,1638.5,-0.08,2025-06,1428.6,Valentina Ryser,,313,,288,1288.9
248,1406.4,,284,1462.8,21.5,347,1507.3,0.06,2026-05,1356.8,Julie Struplova,,271,,289,1448.9
274,1406.3,,285,1462.6,21.3,265,1554.0,-0.07,2026-02,1445.6,Alevtina Ibragimova,,310,,290,1419.5
267,1415.7,,266,1461.8,34.5,279,1609.9,0.22,2021-08,1429.3,Ekaterine Gorgodze,,233,,291,1429.3
251,1405.6,,286,1461.1,23.3,306,1605.7,-0.20,2025-06,1399.6,Amarissa Kiara Toth,,355,,292,1446.9
249,1405.4,,287,1460.8,28.9,343,1533.3,-0.09,2023-06,1359.5,Silvia Ambrosio,,322,,293,1448.2
304,1389.1,,307,1457.9,27.4,262,1701.7,0.19,2023-04,1447.5,Katherine Sebov,,242,,294,1381.9
454,1385.2,,311,1457.6,26.9,266,1605.5,0.45,2026-03,1445.2,Ye Xin Ma,,188,,295,1254.9
293,1403.7,,288,1457.4,29.8,263,1516.1,0.07,2017-08,1447.4,Ayla Aksu,,277,,296,1394.5
264,1428.3,,246,1455.6,33.3,309,1551.5,0.56,2022-10,1394.2,Despina Papamichail,,169,,297,1434.4
310,1364.6,,346,1452.8,29.6,276,1610.6,-0.12,2024-02,1435.5,Arianne Hartono,,336,,298,1375.4
339,1434.3,,233,1452.8,28.4,290,1588.0,0.01,2017-11,1417.8,Lizette Cabrera,,295,,299,1347.4
218,1342.6,,392,1450.8,30.8,331,1569.5,-0.21,2025-10,1373.4,Camilla Rosatello,,369,,300,1483.5
258,1400.0,,291,1450.0,25.0,371,1554.7,0.20,2025-05,1331.9,Sada Nahimana,,246,,301,1442.4
386,1399.7,,292,1449.4,22.6,272,1539.4,0.06,2025-01,1439.6,Xinxin Yao,,285,,302,1308.1
376,1376.4,,325,1448.2,26.9,289,1544.4,0.19,2025-02,1420.4,Mei Yamaguchi,,251,,303,1315.7
272,1366.6,,340,1446.7,27.1,297,1550.6,-0.54,2024-09,1410.2,Tessah Andrianjafitrimo,,521,,304,1421.1
275,1398.3,,294,1446.6,22.3,346,1458.5,0.11,2026-06,1356.9,Yasmine Kabbaj,,274,,305,1416.3
365,1398.2,,295,1446.4,23.2,280,1541.1,0.50,2026-01,1428.8,Yeon Woo Ku,,186,,306,1325.0
273,1397.7,,296,1445.5,26.9,421,1561.8,0.43,2024-09,1288.6,Angela Fita Boluda,,199,,307,1419.9
391,1397.0,,300,1443.9,22.1,264,1519.0,0.08,2025-06,1446.8,Matilde Jorge,,283,,308,1305.2
311,1321.3,,442,1439.4,21.2,275,1528.2,0.45,2026-02,1436.3,Kayla Cross,,198,,309,1373.5
289,1393.7,,301,1437.4,25.1,307,1545.4,-0.10,2023-05,1395.0,Margaux Rouvroy,,342,,310,1398.2
371,1480.6,,182,1434.8,30.6,319,1537.8,0.22,2025-09,1387.8,Kyoka Okamura,,250,,311,1322.3
277,1391.0,,302,1432.0,30.1,351,1519.2,0.27,2025-04,1353.9,Caroline Uebelhoer,,239,,312,1415.0
366,1390.5,,303,1431.0,27.6,271,1471.7,0.21,2026-05,1441.2,Vivian Wolff,,254,,313,1324.1
374,1441.6,,220,1429.6,20.8,446,1487.4,-0.54,2025-06,1264.1,Ella Mcdonald,,538,,314,1317.4
296,1367.9,,338,1427.9,32.0,288,1625.3,0.14,2022-05,1421.9,Kathinka Von Deichmann,,273,,315,1388.0
361,1365.4,,343,1427.6,23.0,312,1437.7,0.24,2026-06,1392.8,Alicia Dudeney,,248,,316,1328.8
283,1313.0,,456,1425.4,23.3,300,1550.4,0.01,2026-05,1405.8,Anouck Vrancken Peeters,,314,,317,1404.9
363,1355.4,,365,1424.4,18.6,320,1566.3,0.08,2025-12,1386.9,Mingge Xu,,294,,318,1327.2
388,1388.0,,308,1423.1,23.5,313,1555.1,-0.53,2024-01,1391.6,Amarni Banks,,543,,319,1306.7
322,1386.5,,309,1423.0,25.0,277,1523.5,-0.24,2025-10,1431.1,Ekaterina Reyngold,,405,,320,1362.7
395,1417.5,,262,1420.9,25.2,302,1441.9,0.07,2026-03,1403.6,Viktoria Morvayova,,299,,321,1304.0
351,1423.0,,254,1420.8,31.7,294,1517.5,0.11,2025-03,1411.8,Haruka Kaji,,288,,322,1336.5
418,1358.5,,361,1418.3,22.4,287,1762.6,-0.19,2025-01,1423.0,Sijia Wei,,391,,323,1291.9
288,1429.1,,244,1418.2,26.7,286,1867.6,-0.44,2022-06,1423.0,Jule Niemeier,,501,,324,1398.3
235,1382.0,,317,1414.1,20.3,368,1530.0,-0.07,2026-04,1339.5,Varvara Panshina,,348,,325,1461.5
306,1381.4,,318,1412.9,22.5,316,1565.5,0.15,2026-04,1389.4,Ane Mintegi Del Olmo,,280,,326,1381.7
292,1381.0,,319,1412.0,20.8,433,1461.0,-0.38,2023-09,1273.6,Maria Sara Popa,,477,,327,1394.7
328,1322.3,,439,1411.6,33.3,314,1573.3,-0.31,2015-09,1390.6,Amandine Hesse,,445,,328,1357.8
345,1306.8,,465,1411.4,17.3,291,1479.3,-0.44,2024-12,1417.6,Hannah Klugman,,509,,329,1343.5
281,1358.3,,363,1411.2,34.8,298,1765.0,-0.54,2022-02,1406.1,Nuria Parrizas Diaz,,565,,330,1411.0
290,1414.9,,267,1410.0,26.7,340,1591.8,-0.06,2024-08,1360.7,Lea Boskovic,,352,,331,1396.1
269,1350.6,,378,1408.9,29.9,409,1581.4,-0.16,2018-05,1299.3,Deborah Chiesa,,389,,332,1425.3
408,1454.3,,209,1408.7,25.9,305,1470.1,0.07,2019-02,1400.0,Elena Malygina,,311,,333,1298.4
302,1379.1,,320,1408.3,23.8,360,1581.5,0.04,2025-06,1347.3,Julie Belgraver,,321,,334,1382.8
383,1378.8,,321,1407.7,25.6,293,1503.5,0.23,2024-01,1413.7,Sofya Lansere,,267,,335,1311.1
316,1378.0,,322,1406.1,22.9,413,1491.1,-0.44,2022-06,1293.9,Lucie Nguyen Tan,,523,,336,1369.8
294,1337.2,,400,1402.1,22.1,372,1571.2,0.03,2025-05,1330.6,Anastasiya Soboleva,,328,,337,1391.3
321,1375.5,,327,1401.1,23.6,318,1532.3,-0.13,2025-02,1388.2,Tina Nadine Smith,,384,,338,1363.1
300,1342.5,,393,1400.0,28.8,375,1537.0,0.26,2024-06,1328.5,Irene Burillo Escorihuela,,261,,339,1386.8
299,1430.1,,243,1398.9,22.7,357,1675.1,-0.18,2022-05,1350.5,Nastasja Schunk,,407,,340,1386.9
397,1384.6,,314,1398.3,30.9,301,1576.7,-0.21,2017-11,1404.5,Carol Zhao,,422,,341,1302.9
375,1373.7,,328,1397.5,23.1,322,1526.4,-0.23,2024-11,1384.3,Malaika Rapolu,,429,,342,1316.2
301,1373.5,,329,1397.0,26.1,445,1456.1,-0.33,2026-04,1264.2,Zhibek Kulambayeva,,479,,343,1384.2
298,1372.7,,332,1395.4,23.3,412,1557.9,-0.16,2024-07,1295.4,Gina Feistel,,403,,344,1387.2
381,1372.6,,333,1395.2,26.0,328,1499.2,0.10,2026-02,1376.4,Hiromi Abe,,312,,345,1312.6
415,1371.9,,334,1393.8,18.8,327,1524.6,-0.50,2025-06,1377.5,Monika Ekstrand,,568,,346,1294.9
346,1294.0,,482,1393.1,19.6,308,1664.6,0.22,2024-07,1394.8,Sara Saito,,279,,347,1343.2
353,1445.6,,215,1391.1,23.9,324,1536.6,0.25,2019-09,1381.0,Sohyun Park,,270,,348,1334.2
359,1342.0,,394,1390.9,24.9,303,1559.9,0.16,2025-08,1402.2,Ayana Akli,,296,,349,1329.9
314,1370.0,,335,1390.1,19.2,345,1454.0,-0.16,2026-05,1358.2,Rositsa Dencheva,,411,,350,1370.9
313,1360.1,,355,1388.9,26.9,400,1591.7,-0.36,2022-05,1311.7,Ylena In Albon,,502,,351,1371.4
332,1330.6,,415,1388.2,35.2,332,1762.6,-0.01,2018-07,1371.8,Dalila Jakupovic,,354,,352,1352.6
453,1354.3,,369,1388.2,30.5,333,1629.1,0.16,2023-01,1370.4,Yuriko Miyazaki,,302,,353,1256.5
398,1331.0,,414,1387.4,20.7,317,1577.3,-0.67,2025-03,1389.3,Sayaka Ishii,,689,,354,1302.9
284,1368.7,,336,1387.3,30.1,452,1436.2,-0.22,2024-09,1260.2,Iva Primorac,,443,,355,1404.5
410,1368.1,,337,1386.1,25.4,329,1477.4,0.33,2026-05,1375.3,Carolyn Ansari,,257,,356,1297.9
447,1367.9,,339,1385.7,25.1,330,1405.5,0.11,2026-02,1373.7,Eryn Cayetano,,320,,357,1261.3
401,1344.2,,390,1383.6,25.3,336,1448.1,0.08,2026-02,1367.2,Lea Ma,,330,,358,1301.9
278,1333.3,,410,1383.6,30.9,350,1643.8,-0.61,2017-05,1354.5,Su Jeong Jang,,663,,359,1414.0
389,1364.4,,347,1383.1,27.7,342,1434.2,-0.09,2024-01,1360.3,Miho Kuramochi,,394,,360,1306.5
439,1335.7,,404,1382.4,25.2,311,1525.0,0.23,2022-06,1393.5,Yuki Naito,,287,,361,1271.4
472,1355.4,,366,1382.3,27.7,349,1439.9,0.10,2018-05,1354.8,Momoko Kobori,,327,,362,1229.9
444,1365.7,,342,1381.4,18.5,282,1535.5,0.11,2025-11,1428.0,Eva Bennemann,,324,,363,1263.4
354,1419.3,,259,1379.7,26.3,339,1581.4,-0.35,2019-02,1361.6,Lina Glushko,,518,,364,1334.0
342,1327.2,,426,1379.5,27.6,416,1590.4,0.35,2024-09,1292.6,Miriam Bianca Bulgaru,,258,,365,1345.0
325,1364.7,,344,1379.4,20.2,469,1457.9,0.12,2026-05,1242.2,Noemi Basiletti,,325,,366,1360.4
307,1295.0,,481,1374.6,30.6,428,1608.8,-0.29,2022-05,1280.0,Gabriela Lee,,492,,367,1378.8
323,1361.9,,352,1373.8,24.0,436,1417.6,0.06,2025-06,1271.9,Diletta Cherubini,,345,,368,1362.0
344,1342.0,,395,1373.3,26.5,337,1611.7,-0.15,2024-06,1365.5,Berfu Cengiz,,427,,369,1343.6
425,1360.8,,354,1371.5,26.4,335,1445.3,0.20,2026-03,1367.6,Yidi Yang,,303,,370,1284.4
406,1360.1,,356,1370.1,19.9,352,1462.0,-0.01,2026-02,1353.5,Kristiana Sidorova,,376,,371,1300.1
315,1359.6,,358,1369.3,29.1,425,1488.8,0.22,2023-07,1284.8,Dalila Spiteri,,298,,372,1370.6
330,1359.5,,359,1369.1,27.7,356,1472.5,0.01,2022-08,1350.7,Misaki Matsuda,,370,,373,1356.0
429,1358.9,,360,1367.8,19.5,362,1416.2,-0.08,2026-05,1346.2,Ena Koike,,406,,374,1283.1
336,1390.5,,304,1367.0,28.3,420,1523.2,0.34,2023-11,1290.3,Martina Capurro Taborda,,268,,375,1349.8
341,1376.4,,326,1365.2,23.8,392,1576.3,0.43,2024-07,1317.2,Selena Janicijevic,,244,,376,1345.2
393,1431.5,,241,1362.9,23.8,285,1440.8,0.08,2026-01,1423.1,Mell Elizabeth Reasco Gonzalez,,347,,377,1304.7
320,1359.9,,357,1362.4,22.2,378,1672.5,0.15,2022-11,1325.4,Barbora Palicova,,326,,378,1365.0
350,1335.2,,406,1362.2,27.4,387,1515.5,-0.05,2025-07,1318.7,Ekaterina Kazionova,,398,,379,1338.1
347,1363.8,,349,1361.8,28.9,334,1648.9,0.25,2022-04,1368.0,Raluka Serban,,297,,380,1341.4
438,1341.9,,396,1361.6,27.4,353,1669.8,-0.64,2019-09,1352.4,Usue Maitane Arconada,,726,,381,1271.4
335,1355.4,,367,1360.7,20.1,376,1428.5,0.22,2024-05,1328.3,Yufei Ren,,308,,382,1350.8
416,1324.4,,435,1359.8,23.8,365,1517.4,0.06,2023-05,1342.2,Natsumi Kawaguchi,,361,,383,1294.9
450,1364.7,,345,1359.7,25.5,373,1465.4,0.15,2026-01,1330.5,Sahaja Yamalapalli,,332,,384,1260.8
337,1354.4,,368,1358.7,26.0,382,1498.6,-0.31,2024-08,1323.5,Aneta Kladivova,,527,,385,1348.6
436,1354.1,,370,1358.2,26.0,364,1403.0,0.07,2026-02,1344.1,Sakura Hosogi,,360,,386,1274.3
318,1297.3,,477,1357.1,30.3,395,1527.5,0.47,2022-05,1315.3,Justina Mikulskyte,,241,,387,1367.5
411,1353.5,,371,1356.9,30.8,366,1470.7,-0.01,2015-10,1340.7,Victoria Rodriguez,,392,,388,1297.8
343,1331.5,,411,1356.6,31.0,405,1543.0,-0.14,2018-07,1304.9,Tena Lukas,,447,,389,1343.8
483,1347.3,,383,1355.3,23.0,369,1550.8,0.34,2024-10,1334.5,Hina Inoue,,278,,390,1221.4
348,1352.7,,373,1355.3,32.1,386,1487.1,0.35,2025-07,1319.8,Ana Sofia Sanchez,,275,,391,1339.6
358,1352.3,,374,1354.6,22.8,418,1421.5,0.12,2026-04,1292.3,Alina Granwehr,,349,,392,1329.9
379,1352.0,,375,1354.0,20.5,393,1456.3,0.33,2026-04,1316.6,Tessa Johanna Brockmann,,282,,393,1314.4
362,1352.0,,376,1353.9,25.8,447,1472.7,-0.24,2025-09,1263.3,Mathilde Lollia,,499,,394,1327.4
308,1303.8,,469,1353.8,28.2,398,1505.5,0.18,2025-04,1314.2,Hanna Chang,,329,,395,1376.6
387,1259.6,,519,1353.6,28.4,358,1427.3,-0.07,2019-05,1349.3,Naiktha Bains,,423,,396,1307.2
349,1350.7,,377,1351.4,19.4,419,1395.9,0.03,2025-11,1290.7,Antonia Vergara Rivera,,386,,397,1338.2
514,1272.9,,507,1349.5,25.3,341,1574.5,0.31,2024-03,1360.5,Manon Leonard,,293,,398,1180.2
421,1320.7,,445,1349.3,21.0,380,1450.1,-0.22,2025-08,1324.9,Ranah Akua Stoiber,,496,,399,1287.5
329,1349.6,,379,1349.2,23.4,440,1424.3,-0.02,2025-10,1268.5,Laura Mair,,408,,400,1357.0
372,1425.5,,251,1347.8,25.3,408,1592.0,0.44,2022-03,1302.2,Anastasia Tikhonova,,259,,401,1319.5
471,1358.5,,362,1346.8,28.1,397,1527.1,-0.17,2018-07,1314.7,Ayano Shimizu,,476,,402,1231.7
331,1340.7,,397,1346.8,21.7,514,1563.8,0.27,2024-09,1186.1,Georgia Pedone,,307,,403,1353.8
459,1270.8,,513,1345.9,34.6,338,1640.8,0.10,2019-10,1364.5,Isabella Shinikova,,365,,404,1250.0
377,1347.9,,381,1345.8,20.4,423,1400.2,-0.34,2025-08,1287.9,Anja Stankovic,,569,,405,1315.3
369,1263.3,,516,1345.5,36.5,399,1530.1,0.10,2021-01,1313.4,Jia Jing Lu,,366,,406,1323.3
357,1347.1,,384,1344.3,23.2,435,1366.9,-0.34,2025-11,1272.6,Sofia Rocchetti,,571,,407,1331.9
385,1346.6,,385,1343.3,22.2,389,1496.6,-0.14,2024-03,1318.3,Ekaterina Maklakova,,469,,408,1309.9
400,1346.4,,386,1342.7,22.3,432,1395.4,0.02,2026-05,1274.3,Laura Hietaranta,,399,,409,1302.0
380,1345.9,,387,1341.8,27.1,415,1415.2,-0.05,2025-09,1293.6,Tatiana Pieri,,433,,410,1314.3
455,1356.0,,364,1341.6,25.6,383,1423.4,0.21,2023-07,1322.1,Haley Giavara,,333,,411,1252.3
333,1345.6,,388,1341.2,28.5,520,1596.5,0.57,2025-10,1174.4,Alice Rame,,232,,412,1351.4
370,1314.4,,454,1340.8,26.9,374,1563.9,-0.04,2022-05,1329.2,Ipek Oz,,430,,413,1322.6
352,1344.7,,389,1339.3,21.9,422,1447.4,-0.17,2025-10,1288.4,Anastasia Abbagnato,,489,,414,1334.4
355,1327.4,,425,1338.8,26.3,377,1667.1,-0.13,2021-07,1326.1,Anastasia Kulikova,,472,,415,1332.4
427,1336.0,,402,1338.0,23.6,390,1427.6,-0.16,2025-10,1318.1,Saki Imamura,,486,,416,1284.0
428,1343.8,,391,1337.5,21.3,385,1383.7,0.05,2026-02,1320.9,Vaishnavi Adkar,,396,,417,1283.8
356,1416.7,,264,1333.5,29.1,404,1571.3,0.23,2022-08,1305.3,Martha Matoula,,331,,418,1332.2
445,1340.4,,398,1330.8,23.7,361,1431.8,0.32,2026-02,1347.2,Hibah Shaikh,,304,,419,1262.4
469,1339.9,,399,1329.8,19.1,384,1420.3,0.16,2026-02,1321.1,Angelina Voloshchuk,,358,,420,1236.3
422,1321.6,,440,1329.2,24.0,367,1534.3,0.17,2024-04,1340.6,Mina Hodzic,,356,,421,1286.8
364,1328.2,,422,1327.4,29.1,434,1610.2,0.46,2021-05,1272.7,Jessica Pieri,,266,,422,1325.7
402,1309.9,,461,1323.7,33.2,459,1517.0,0.22,2022-05,1255.6,Gabriela Ce,,338,,423,1301.7
390,1317.7,,448,1323.3,25.2,487,1420.6,0.11,2025-07,1219.8,Carlota Martinez Cirez,,379,,424,1305.9
367,1336.6,,401,1323.2,23.7,444,1337.5,-0.01,2026-06,1264.3,Gina Marie Dittmann,,431,,425,1323.7
499,1297.5,,476,1322.7,22.4,388,1443.8,-0.34,2023-10,1318.7,Jana Kolodynska,,597,,426,1201.2
384,1326.0,,429,1322.3,25.8,522,1455.2,-0.09,2024-07,1172.7,Gergana Topalova,,466,,427,1310.1
373,1336.0,,403,1322.0,20.1,429,1428.5,0.04,2026-02,1278.8,Weronika Ewald,,413,,428,1317.5
511,1335.4,,405,1320.9,24.8,379,1341.7,0.41,2026-06,1325.2,Katarina Kuzmova,,286,,429,1183.9
463,1334.9,,407,1319.7,27.5,402,1518.4,-0.09,2025-04,1308.2,Wushuang Zheng,,471,,430,1245.9
508,1334.8,,408,1319.5,23.5,363,1339.3,0.04,2026-06,1344.7,Yujia Huang,,416,,431,1188.7
434,1334.3,,409,1318.7,21.2,381,1487.4,0.03,2026-02,1323.9,Zuzanna Pawlikowska,,420,,432,1275.9
412,1221.7,,530,1314.7,36.6,396,1727.7,0.10,2016-05,1314.9,Cagla Buyukakcay,,390,,433,1297.2
340,1331.3,,412,1312.6,25.9,508,1483.2,-0.13,2024-08,1195.9,Lucia Cortez Llorca,,494,,434,1345.7
423,1331.1,,413,1312.3,21.2,441,1477.7,-0.18,2024-05,1267.3,Jenny Lim,,520,,435,1286.0
517,1330.2,,416,1310.4,24.9,406,1399.3,0.17,2024-11,1303.2,Yasmine Mansouri,,368,,436,1169.9
441,1330.2,,417,1310.3,26.0,414,1436.6,0.18,2025-11,1293.9,Eunhye Lee,,364,,437,1270.2
424,1330.0,,418,1309.9,24.2,443,1398.7,-0.51,2025-01,1264.7,Hong Yi Cody Wong,,727,,438,1285.9
409,1328.9,,419,1307.9,19.7,439,1351.3,-0.04,2026-01,1268.9,Carla Markus,,457,,439,1298.4
403,1328.9,,420,1307.8,29.4,475,1453.4,-0.19,2024-10,1234.1,Daria Lodikova,,533,,440,1301.1
473,1325.2,,431,1307.2,25.6,417,1407.3,0.42,2023-05,1292.5,Rina Saigo,,290,,441,1229.7
417,1328.3,,421,1306.6,21.9,470,1374.4,0.01,2026-02,1241.8,Nahia Berecoechea,,436,,442,1294.6
405,1327.9,,424,1305.8,25.3,457,1402.6,-0.12,2025-09,1256.7,Ekaterina Ovcharenko,,497,,443,1300.2
413,1326.8,,427,1303.5,27.4,458,1452.1,0.16,2025-10,1255.8,Alicia Herrero Linana,,377,,444,1296.1
462,1326.2,,428,1302.5,28.9,403,1504.3,-0.04,2025-05,1305.4,Martina Okalova,,464,,445,1247.4
404,1326.0,,430,1302.1,25.5,517,1526.9,0.13,2025-03,1181.7,Aurora Zantedeschi,,393,,446,1300.7
437,1324.9,,432,1299.7,22.7,473,1478.0,-0.02,2025-05,1235.8,Lia Karatancheva,,454,,447,1274.1
440,1324.8,,433,1299.6,25.0,437,1521.5,-0.06,2024-10,1270.7,Diana Martynov,,475,,448,1271.1
496,1324.5,,434,1299.0,22.9,424,1368.0,-0.07,2025-11,1286.3,Radka Zelnickova,,480,,449,1203.2
442,1323.4,,436,1296.8,20.6,430,1438.9,-0.03,2024-04,1276.1,Astrid Lew Yan Foon,,465,,450,1267.9
426,1323.4,,437,1296.7,23.2,488,1358.3,-0.19,2024-01,1218.2,Ilinca Dalina Amariei,,548,,451,1284.3
476,1281.2,,497,1296.2,31.3,401,1504.5,-0.23,2019-06,1308.4,Katy Dunne,,570,,452,1226.9
435,1322.8,,438,1295.7,26.2,462,1346.6,-0.11,2025-09,1251.4,Meiqi Guo,,506,,453,1274.5
503,1397.5,,297,1295.0,29.5,394,1640.2,-0.41,2014-02,1315.7,Eudice Wong Chong,,684,,454,1195.7
392,1321.6,,441,1293.1,28.0,448,1369.6,-0.14,2025-10,1263.2,Elina Nepliy,,524,,455,1305.1
448,1321.3,,443,1292.7,22.1,450,1394.5,0.28,2024-04,1260.5,Kira Pavlova,,343,,456,1261.3
432,1272.4,,509,1292.0,30.0,427,1582.2,0.22,2022-05,1281.1,Carolina Alves,,367,,457,1277.0
446,1320.3,,446,1290.6,26.3,464,1380.7,0.02,2022-05,1248.4,Andreea Prisacariu,,449,,458,1261.9
419,1320.2,,447,1290.4,20.3,490,1359.0,-0.02,2025-09,1217.7,Cristina Diaz Adrover,,467,,459,1289.0
399,1249.3,,523,1288.0,29.3,451,1617.7,-0.07,2018-04,1260.4,Valentini Grammatikopoulou,,495,,460,1302.3
458,1260.4,,518,1285.1,27.0,410,1586.1,-0.30,2024-03,1297.5,Maria Kozyreva,,625,,461,1250.4
433,1317.4,,449,1284.8,25.9,442,1449.7,0.25,2025-10,1265.2,Tiphanie Fiquet,,359,,462,1276.9
479,1317.3,,450,1284.6,24.3,426,1418.2,0.09,2025-08,1281.4,Maria Martinez Vaquero,,424,,463,1224.2
431,1292.3,,485,1283.3,22.4,485,1540.7,0.20,2024-07,1221.3,Lucija Ciric Bagaric,,381,,464,1278.2
502,1316.5,,452,1283.1,24.2,407,1416.1,-0.05,2026-02,1302.3,Sofia Elena Cabezas Dominguez,,487,,465,1197.0
430,1316.6,,451,1283.1,26.2,512,1414.9,-0.46,2024-11,1189.5,Georgia Andreea Craciun,,737,,466,1282.6
460,1328.1,,423,1282.6,28.1,438,1432.3,0.44,2024-11,1269.5,Anna Sinclair Rogers,,300,,467,1249.3
456,1286.8,,490,1281.9,28.0,484,1363.5,-0.53,2025-09,1221.9,Riya Bhatia,,796,,468,1251.9
486,1315.7,,453,1281.4,30.9,449,1340.9,-0.07,2026-02,1260.6,Rasheeda Mcadoo,,504,,469,1219.8
451,1390.3,,306,1280.5,22.3,315,1441.2,0.02,2023-04,1390.3,Denislava Glushkova,,459,,470,1258.6
484,1297.1,,478,1279.9,26.7,478,1437.9,0.06,2024-06,1230.4,Emily Appleton,,444,,471,1220.5
443,1313.3,,455,1276.7,29.4,461,1526.9,0.22,2023-01,1253.3,Martina Colmegna,,380,,472,1265.9
457,1312.7,,457,1275.4,31.3,431,1429.3,0.21,2024-04,1275.5,Miriana Tona,,385,,473,1250.6
482,1311.3,,458,1272.6,23.9,456,1301.8,0.13,2026-06,1259.4,Ariana Arseneault,,418,,474,1221.8
360,1300.5,,473,1272.4,25.9,489,1499.5,-0.56,2023-10,1217.8,Alice Robbe,,833,,475,1329.2
368,1308.0,,463,1271.4,35.1,466,1885.0,-0.34,2012-09,1246.2,Urszula Radwanska,,669,,476,1323.4
461,1310.2,,459,1270.3,19.3,463,1305.7,0.08,2025-10,1250.2,Yelyzaveta Kotliar,,440,,477,1249.3
487,1310.0,,460,1270.0,21.9,467,1406.5,0.31,2025-01,1245.2,Elena Micic,,351,,478,1219.8
477,1256.0,,520,1268.4,24.9,411,1632.1,-0.42,2021-03,1297.5,Leonie Kung,,730,,479,1226.5
495,1309.2,,462,1268.3,29.8,455,1289.7,-0.14,2014-04,1259.8,Ying Zhang,,551,,480,1204.7
474,1305.8,,466,1261.6,24.1,465,1355.4,0.14,2025-09,1246.8,Jiaqi Wang,,419,,481,1228.3
466,1305.3,,467,1260.6,31.6,493,1487.2,0.35,2020-02,1210.9,Victoria Bosio,,340,,482,1240.5
452,1304.2,,468,1258.5,18.0,476,1483.5,-0.14,2024-06,1232.1,Julie Pastikova,,557,,483,1257.6
493,1302.4,,471,1254.8,25.9,454,1411.9,0.08,2022-11,1259.8,Weronika Falkowska,,446,,484,1213.5
516,1277.6,,504,1254.6,33.5,460,1452.6,-0.42,2019-05,1255.0,Peangtarn Plipuech,,736,,485,1175.7
488,1301.1,,472,1252.1,,471,1368.5,-0.14,2025-09,1241.1,Bianca Elena Barbulescu,,561,,486,1219.3
382,1262.6,,517,1251.9,33.3,483,1517.7,-0.23,2018-04,1225.0,Ankita Raina,,613,,487,1312.4
485,1299.2,,474,1248.4,21.6,453,1468.1,-0.26,2023-12,1260.1,Ksenia Zaytseva,,635,,488,1220.0
394,1373.2,,330,1246.4,23.0,477,1559.9,0.12,2020-03,1231.4,Priska Madelyn Nugroho,,435,,489,1304.3
478,1297.6,,475,1245.2,25.1,474,1335.4,-0.24,2024-10,1234.4,Clara Vlasselaer,,626,,490,1226.3
467,1303.6,,470,1245.0,27.9,482,1466.2,0.30,2024-09,1225.9,Eri Shimizu,,363,,491,1237.5
524,1289.9,,487,1244.0,26.5,472,1489.9,0.18,2024-11,1236.7,Alana Smith,,410,,492,1154.0
449,1296.4,,479,1242.8,29.0,498,1459.6,-0.21,2024-10,1204.8,Sara Cakarevic,,606,,493,1261.3
505,1295.8,,480,1241.5,19.5,479,1414.8,-0.34,2023-05,1230.4,Sarah Iliev,,697,,494,1193.4
494,1293.5,,483,1237.0,22.9,481,1336.0,0.15,2025-07,1227.5,Madison Sieg,,426,,495,1206.6
491,1293.5,,484,1237.0,20.6,494,1333.2,0.02,2022-11,1209.5,Nina Vargova,,488,,496,1214.2
470,1235.6,,529,1235.0,24.0,497,1468.1,0.05,2024-06,1207.2,Amelia Rajecki,,474,,497,1232.5
481,1291.6,,486,1233.2,26.4,502,1338.0,0,2023-01,1202.1,Emily Seibold,,498,,498,1222.2
498,1279.0,,500,1226.1,21.0,480,1657.2,0.46,2024-08,1228.9,Han Shi,,316,,499,1202.3
521,1287.9,,488,1225.8,24.5,491,1393.6,-0.07,2025-02,1213.7,Antonia Schmidt,,535,,500,1162.6
475,1286.9,,489,1223.7,25.2,492,1375.8,-0.27,2024-10,1213.3,Ayumi Koshiishi,,654,,501,1226.9
465,1286.6,,491,1223.2,24.2,513,1285.4,-0.35,2025-10,1188.0,Marine Szostak,,712,,502,1241.3
504,1286.4,,492,1222.8,19.9,495,1269.4,0.18,2026-03,1208.7,Vittoria Paganetti,,421,,503,1195.5
523,1285.2,,493,1220.4,25.9,516,1326.4,-0.19,2022-08,1184.3,Aneta Laboutkova,,610,,504,1158.6
492,1282.7,,494,1215.4,21.0,523,1499.9,-0.02,2025-04,1149.4,Yaroslava Bartashevich,,515,,505,1213.6
510,1281.5,,495,1212.9,20.1,486,1298.3,-0.01,2026-05,1220.1,Isabella Maria Serban,,510,,506,1185.0
506,1281.4,,496,1212.9,21.8,503,1274.3,-0.02,2025-10,1200.6,Ana Candiotto,,517,,507,1192.4
515,1279.8,,498,1209.6,30.7,505,1453.7,-0.01,2024-12,1198.5,Nicole Fossa Huergo,,511,,508,1176.4
529,1279.3,,499,1208.6,21.3,468,1280.2,-0.06,2025-04,1243.0,Jana Otzipka,,542,,509,1139.2
489,1279.0,,501,1208.1,17.9,506,1349.0,-0.39,2025-04,1198.2,Ruien Zhang,,753,,510,1219.0
509,1278.4,,502,1206.8,26.0,499,1272.5,0.12,2026-02,1204.6,Katerina Tsygourova,,452,,511,1186.4
464,1278.2,,503,1206.4,24.7,507,1493.3,0.04,2025-08,1197.5,Ikumi Yamazaki,,490,,512,1244.1
519,1273.8,,505,1197.6,27.9,519,1440.2,0.12,2022-01,1175.5,Katarina Jokic,,455,,513,1165.3
525,1273.6,,506,1197.1,28.1,515,1239.0,0.09,2025-09,1184.6,Verena Meliss,,468,,514,1153.6
500,1348.2,,380,1196.4,26.2,510,1566.5,-0.30,2021-07,1192.8,Nika Radisic,,694,,515,1199.7
480,1347.5,,382,1195.0,20.5,500,1437.6,-0.12,2021-08,1202.8,Briana Szabo,,581,,516,1224.1
501,1272.5,,508,1195.0,25.7,521,1310.4,-0.27,2025-11,1174.0,Gabriella Da Silva Fick,,676,,517,1198.3
520,1272.4,,510,1194.8,24.1,511,1478.5,0.29,2024-02,1191.9,Victoria Hu,,388,,518,1164.4
490,1272.3,,511,1194.6,30.9,528,1455.2,-0.05,2025-03,1116.3,Valeriya Strakhova,,545,,519,1217.7
507,1241.5,,528,1192.1,37.3,518,1540.0,0.13,2014-06,1179.7,Sofia Shapatava,,458,,520,1191.7
518,1271.0,,512,1185.7,23.2,496,1501.0,-0.43,2025-02,1207.9,Lian Tran,,797,,521,1165.7
530,1265.4,,514,1180.9,25.7,504,1336.8,-0.35,2025-10,1199.2,Kristina Novak,,738,,522,1125.9
512,1265.1,,515,1180.2,23.1,530,1437.6,0.18,2023-07,1107.1,Sapfo Sakellaridi,,437,,523,1183.2
497,1182.8,,534,1174.7,25.2,509,1301.8,0.17,2026-01,1195.2,Victoria Allen,,441,,524,1202.4
468,1251.2,,521,1152.4,25.7,531,1322.3,0.03,2016-10,1070.0,Chengyiyi Yuan,,512,,525,1237.1
528,1250.3,,522,1150.7,33.2,526,1236.7,-0.45,2026-02,1134.4,Nadiia Kolb,,827,,526,1147.6
527,1248.8,,524,1147.6,23.9,527,1169.0,-0.17,2024-08,1132.4,Alba Rey Garcia,,623,,527,1149.4
532,1247.8,,525,1145.5,25.3,501,1298.0,-0.20,2024-07,1202.8,Demi Tran,,646,,528,1105.7
513,1320.8,,444,1141.5,30.2,525,1512.6,-0.56,2019-02,1140.0,Ana Filipa Santos,,927,,529,1181.8
526,1244.5,,526,1139.1,27.9,529,1237.7,-0.10,2025-09,1113.0,Mayuka Aikawa,,587,,530,1151.7
522,1244.0,,527,1138.1,24.2,524,1340.4,-0.26,2025-09,1143.0,Ellie Schoppe,,687,,531,1159.8
531,1216.0,,531,1082.0,18.7,533,1205.2,-0.20,2024-09,1064.4,Chenting Zhu,,651,,532,1125.5
533,1205.5,,532,1060.9,31.5,532,1312.7,-0.25,2019-09,1065.2,Amy Zhu,,686,,533,1102.9
534,1184.8,,533,1019.6,28.9,534,1187.1,-0.77,2021-09,1003.5,Sara Lanca,,1155,,534,1077.3
