Francisco Cerundolo,Novak Djokovic,Hamad Medjedovic,player,Ben Shelton,Casper Ruud,Alexander Blockx,Alex De Minaur,Andrey Rublev,Alexander Bublik,Tommy Paul,Alejandro Davidovich Fokina,Frances Tiafoe,Raphael Collignon,Dino Prizmic,Flavio Cobolli,Alejandro Tabilo,Joao Fonseca,Felix Auger Aliassime,Learner Tien,Carlos Alcaraz,Tomas Machac,Jannik Sinner,Daniil Medvedev,Alexander Zverev,Stefanos Tsitsipas,Jiri Lehecka,Lorenzo Musetti,Rafael Jodar,elo,Jakub Mensik,Arthur Fils,Valentin Vacherot,Taylor Fritz
0.921,0.818,0.94,Jannik Sinner,0.885,0.874,0.916,0.884,0.912,0.917,0.902,0.936,0.927,0.92,0.933,0.914,0.938,0.892,0.891,0.891,0.707,0.932,,0.874,0.776,0.94,0.903,0.883,0.864,2319.8,0.891,0.848,0.917,0.93
0.828,0.65,0.866,Carlos Alcaraz,0.762,0.742,0.818,0.76,0.811,0.82,0.792,0.859,0.841,0.826,0.851,0.815,0.863,0.775,0.771,0.772,,0.85,0.293,0.742,0.589,0.866,0.795,0.758,0.725,2166.8,0.771,0.699,0.821,0.846
0.77,0.564,0.818,Alexander Zverev,0.69,0.668,0.758,0.689,0.75,0.761,0.726,0.81,0.787,0.769,0.8,0.755,0.815,0.706,0.702,0.703,0.411,0.798,0.224,0.667,,0.818,0.73,0.686,0.648,2104.3,0.702,0.618,0.762,0.793
0.721,,0.776,Novak Djokovic,0.632,0.608,0.708,0.631,0.698,0.71,0.672,0.766,0.74,0.719,0.755,0.704,0.773,0.649,0.645,0.646,0.35,0.753,0.182,0.607,0.436,0.777,0.676,0.627,0.586,2059.3,0.645,0.555,0.711,0.747
0.674,0.445,0.735,Arthur Fils,0.579,0.554,0.66,0.578,0.649,0.662,0.621,0.724,0.695,0.672,0.712,0.656,0.731,0.597,0.593,0.594,0.301,0.709,0.152,0.553,0.382,0.736,0.625,0.574,0.532,2020.6,0.592,,0.664,0.703
0.646,0.414,0.71,Rafael Jodar,0.548,0.522,0.631,0.546,0.62,0.634,0.591,0.698,0.668,0.644,0.685,0.627,0.706,0.566,0.562,0.563,0.275,0.682,0.136,0.522,0.352,0.71,0.595,0.543,,1998.6,0.561,0.468,0.635,0.675
0.626,0.393,0.692,Daniil Medvedev,0.527,0.501,0.611,0.525,0.599,0.613,0.57,0.68,0.648,0.624,0.666,0.606,0.687,0.545,0.54,0.541,0.258,0.663,0.126,,0.333,0.692,0.574,0.521,0.478,1983.6,0.54,0.447,0.615,0.656
0.625,0.392,0.691,Casper Ruud,0.526,,0.61,0.524,0.598,0.613,0.569,0.679,0.648,0.623,0.666,0.605,0.687,0.544,0.54,0.541,0.258,0.663,0.126,0.499,0.332,0.692,0.573,0.521,0.478,1983.1,0.539,0.446,0.614,0.656
0.606,0.373,0.673,Lorenzo Musetti,0.505,0.479,0.59,0.504,0.578,0.593,0.549,0.661,0.629,0.604,0.647,0.586,0.669,0.524,0.519,0.52,0.242,0.644,0.117,0.479,0.314,0.674,0.553,,0.457,1968.8,0.519,0.426,0.594,0.637
0.602,0.369,0.67,Alex De Minaur,0.502,0.476,0.587,,0.575,0.589,0.545,0.658,0.625,0.6,0.644,0.582,0.665,0.52,0.516,0.517,0.24,0.641,0.116,0.475,0.311,0.671,0.549,0.496,0.454,1966.3,0.515,0.422,0.591,0.633
0.601,0.368,0.669,Ben Shelton,,0.474,0.585,0.498,0.573,0.588,0.544,0.656,0.624,0.598,0.642,0.58,0.664,0.519,0.514,0.515,0.238,0.639,0.115,0.473,0.31,0.669,0.548,0.495,0.452,1965.1,0.514,0.421,0.589,0.632
0.588,0.355,0.656,Jakub Mensik,0.486,0.461,0.572,0.485,0.56,0.575,0.53,0.644,0.611,0.585,0.63,0.567,0.652,0.505,0.5,0.501,0.229,0.626,0.109,0.46,0.298,0.657,0.534,0.481,0.439,1955.7,,0.408,0.576,0.619
0.587,0.355,0.656,Felix Auger Aliassime,0.486,0.46,0.571,0.484,0.56,0.574,0.53,0.644,0.611,0.585,0.629,0.567,0.652,0.505,,0.501,0.229,0.626,0.109,0.46,0.298,0.657,0.534,0.481,0.438,1955.5,0.5,0.407,0.576,0.619
0.586,0.354,0.655,Learner Tien,0.485,0.459,0.57,0.483,0.559,0.573,0.529,0.642,0.609,0.584,0.628,0.566,0.65,0.504,0.499,,0.228,0.625,0.109,0.459,0.297,0.656,0.533,0.48,0.437,1954.7,0.499,0.406,0.574,0.618
0.583,0.351,0.652,Joao Fonseca,0.481,0.456,0.567,0.48,0.555,0.57,0.525,0.639,0.606,0.58,0.625,0.562,0.647,,0.495,0.496,0.225,0.622,0.108,0.455,0.294,0.653,0.529,0.476,0.434,1952.2,0.495,0.403,0.571,0.614
0.558,0.328,0.629,Tommy Paul,0.456,0.431,0.542,0.455,0.53,0.545,,0.616,0.582,0.556,0.601,0.537,0.624,0.475,0.47,0.471,0.208,0.598,0.098,0.43,0.274,0.629,0.504,0.451,0.409,1934.7,0.47,0.379,0.546,0.59
0.554,0.324,0.625,Jiri Lehecka,0.452,0.427,0.538,0.451,0.526,0.541,0.496,0.612,0.578,0.552,0.597,0.533,0.62,0.471,0.466,0.467,0.205,0.594,0.097,0.426,0.27,0.625,,0.447,0.405,1931.8,0.466,0.375,0.542,0.586
0.528,0.302,0.6,Andrey Rublev,0.427,0.402,0.512,0.425,,0.515,0.47,0.587,0.552,0.526,0.572,0.507,0.595,0.445,0.44,0.441,0.189,0.569,0.088,0.401,0.25,0.601,0.474,0.422,0.38,1913.8,0.44,0.351,0.516,0.561
0.521,0.296,0.593,Flavio Cobolli,0.42,0.395,0.505,0.418,0.493,0.507,0.463,0.58,0.545,0.519,0.565,,0.588,0.438,0.433,0.434,0.185,0.561,0.086,0.394,0.245,0.594,0.467,0.414,0.373,1908.7,0.433,0.344,0.509,0.554
0.516,0.292,0.589,Alexander Blockx,0.415,0.39,,0.413,0.488,0.503,0.458,0.575,0.54,0.514,0.56,0.495,0.584,0.433,0.429,0.43,0.182,0.557,0.084,0.389,0.242,0.589,0.462,0.41,0.369,1905.5,0.428,0.34,0.504,0.549
0.514,0.29,0.586,Alexander Bublik,0.412,0.387,0.497,0.411,0.485,,0.455,0.572,0.537,0.511,0.557,0.493,0.581,0.43,0.426,0.427,0.18,0.554,0.083,0.387,0.239,0.587,0.459,0.407,0.366,1903.5,0.425,0.338,0.501,0.546
0.512,0.289,0.585,Valentin Vacherot,0.411,0.386,0.496,0.409,0.484,0.499,0.454,0.571,0.536,0.51,0.556,0.491,0.58,0.429,0.424,0.426,0.179,0.553,0.083,0.385,0.238,0.585,0.458,0.406,0.365,1902.6,0.424,0.336,,0.545
0.502,0.281,0.575,Raphael Collignon,0.402,0.377,0.486,0.4,0.474,0.489,0.444,0.561,0.526,,0.546,0.481,0.57,0.42,0.415,0.416,0.174,0.543,0.08,0.376,0.231,0.576,0.448,0.396,0.356,1895.8,0.415,0.328,0.49,0.535
,0.279,0.573,Francisco Cerundolo,0.399,0.375,0.484,0.398,0.472,0.486,0.442,0.559,0.524,0.498,0.544,0.479,0.568,0.417,0.413,0.414,0.172,0.54,0.079,0.374,0.23,0.573,0.446,0.394,0.354,1894.1,0.412,0.326,0.488,0.533
0.476,0.26,0.549,Frances Tiafoe,0.376,0.352,0.46,0.375,0.448,0.463,0.418,0.535,,0.474,0.52,0.455,0.544,0.394,0.389,0.391,0.159,0.517,0.073,0.352,0.213,0.55,0.422,0.371,0.332,1877.4,0.389,0.305,0.464,0.509
0.467,0.253,0.54,Taylor Fritz,0.368,0.344,0.451,0.367,0.439,0.454,0.41,0.526,0.491,0.465,0.511,0.446,0.535,0.386,0.381,0.382,0.154,0.508,0.07,0.344,0.207,0.541,0.414,0.363,0.325,1871.3,0.381,0.297,0.455,
0.46,0.247,0.533,Tomas Machac,0.361,0.337,0.443,0.359,0.431,0.446,0.402,0.519,0.483,0.457,0.503,0.439,0.527,0.378,0.374,0.375,0.15,,0.068,0.337,0.202,0.533,0.406,0.356,0.318,1865.9,0.374,0.291,0.447,0.492
0.456,0.245,0.529,Dino Prizmic,0.358,0.334,0.44,0.356,0.428,0.443,0.399,0.515,0.48,0.454,,0.435,0.524,0.375,0.371,0.372,0.149,0.497,0.067,0.334,0.2,0.53,0.403,0.353,0.315,1863.5,0.37,0.288,0.444,0.489
0.441,0.234,0.514,Alejandro Davidovich Fokina,0.344,0.321,0.425,0.342,0.413,0.428,0.384,,0.465,0.439,0.485,0.42,0.509,0.361,0.356,0.358,0.141,0.481,0.064,0.32,0.19,0.515,0.388,0.339,0.302,1852.9,0.356,0.276,0.429,0.474
0.432,0.227,0.505,Alejandro Tabilo,0.336,0.313,0.416,0.335,0.405,0.419,0.376,0.491,0.456,0.43,0.476,0.412,,0.353,0.348,0.35,0.137,0.473,0.062,0.313,0.185,0.506,0.38,0.331,0.294,1846.8,0.348,0.269,0.42,0.465
0.427,0.224,,Hamad Medjedovic,0.331,0.309,0.411,0.33,0.4,0.414,0.371,0.486,0.451,0.425,0.471,0.407,0.495,0.348,0.344,0.345,0.134,0.467,0.06,0.308,0.182,0.501,0.375,0.327,0.29,1843.2,0.344,0.265,0.415,0.46
0.427,0.223,0.499,Stefanos Tsitsipas,0.331,0.308,0.411,0.329,0.399,0.413,0.371,0.485,0.45,0.424,0.47,0.406,0.494,0.347,0.343,0.344,0.134,0.467,0.06,0.308,0.182,,0.375,0.326,0.29,1842.7,0.343,0.264,0.415,0.459
